Title,Agreements_2,Agreements_3,Length (s),Note Count,Avg Notes/Min,BPM,Tempo Changes Count,Min Velocity,Max Velocity,Unique Pitches Count
-8fMARPBGAU,"Jazz,Relaxing/Calm",Emotional,41.13541666666666,183,266.9232717143581,194.6493945367505,1,42,86,31
-GKPU4Io67U,,"Tense,Latin,Jazz",30.48958333333333,265,521.4895797745132,175.5134377475774,1,67,95,26
-IH7UKtvKqU,"Difficult/Advanced,Dreamy","Ballad,Emotional,Jazz",30.490625,221,434.8877728810085,191.77170035671824,1,39,106,43
-JJ5U9vKeIY,Playful,"Swing,Mysterious,Jazz",30.48958333333333,278,547.0720874615648,206.0085836909869,1,29,94,54
-QRnbPKHkOg,"Mysterious,Ballad,Dreamy,Relaxing/Calm","Emotional,Jazz",41.78541666666666,243,348.92556214787857,214.99222395023244,1,18,94,34
-R9i2H3RnLE,Tense,"Difficult/Advanced,Ballad,Laid-back,Relaxing/Calm,Intense/Grand,Mysterious,Dreamy,Emotional,Jazz",34.73854166666666,129,222.80728057812829,220.4784688995208,1,30,96,39
-RNFQJOzWPY,Happy,"Swing,Playful,Bright,Emotional,Upbeat/Energetic,Jazz",35.80625,201,336.8127072787572,204.5342802512976,1,34,96,44
-umrArAjw6Y,"Bright,Relaxing/Calm,Bossa Nova,Latin",Jazz,30.48958333333333,235,462.4530235736249,195.88663967611328,1,67,97,43
-vOXQoUn3yg,Emotional,"Latin,Jazz",31.48958333333333,318,605.9146543169037,197.33536353254703,1,26,92,45
-wsABbcUVTc,"Swing,Bright,Laid-back","Blues,Jazz",31.13020833333333,327,630.2559812615024,239.252336448598,1,28,89,55
05sk8qECYYE,"Relaxing/Calm,Emotional,Happy","Bossa Nova,Bright,Latin,Jazz",30.98958333333333,266,515.0117647058823,261.39384116693753,1,38,91,35
0E9ubKtQeJk,"Bright,Dreamy,Difficult/Advanced,Jazz",Emotional,40.828125,389,571.6647531572905,210.3149246919206,1,24,89,48
0kKxfmc9byQ,"Powerful,Passionate,Dreamy,Epic,Upbeat/Energetic,Jazz",Intense/Grand,30.98958333333333,396,766.709243697479,212.4635993011065,1,47,106,57
0sG7b3aiCTI,New-age,"Ballad,Relaxing/Calm,Dreamy,Emotional,Jazz",30.48958333333333,252,495.9070720874616,174.47936387731917,1,28,82,38
0VeCLEuLFYo,"Passionate,Relaxing/Calm,Pop-Piano Cover","Ragtime,Emotional,Jazz",30.990625,483,935.121508520722,216.48322147650975,1,30,95,60
0yUU5EN2msQ,Tense,"Difficult/Advanced,Jazz",31.094791666666666,240,463.10006364945895,202.79139947189776,1,28,102,40
12ABFsZmB6o,,"Jazz,Emotional",35.912880020833335,345,576.3948752645784,205.50898664039565,1,31,94,48
17KhiVNifUw,"Happy,Laid-back,Dreamy,Ballad,Jazz","Emotional,Relaxing/Calm",41.06458333333333,208,303.91152148546496,154.42359249329763,1,24,84,34
186lmlpBDRw,"Laid-back,Relaxing/Calm","Ballad,Emotional,Jazz",35.427083333333336,186,315.0132314025287,147.14731762702232,1,32,95,35
1mm1_w05ahI,"Jazz,Bright",Emotional,32.026041666666664,289,541.4343795739145,180.7909604519775,1,38,88,32
1n5IJAyr5Hw,,"Latin,Sad,Laid-back,Relaxing/Calm,Bossa Nova,Emotional,Dark,Jazz",31.488541666666663,184,350.6037248999305,158.9905362776026,1,18,91,33
1PknGfKZEYc,,"Bossa Nova,Latin,Jazz,Emotional",31.48958333333333,264,503.0234866027125,223.0200633579725,1,35,97,44
1pZqWwQnnvU,,"Swing,Tense,Laid-back,Emotional,Jazz",31.48958333333333,224,426.8078068144228,187.96229151559064,1,50,107,32
1sfe4YSVSEM,"Ballad,Laid-back,Relaxing/Calm,Mysterious,Dreamy,Jazz",Emotional,34.530208333333334,134,232.83960300461555,154.05646359583974,1,48,87,25
1xklz428wCE,Jazz,"Tense,Relaxing/Calm,Mysterious,Pop-Piano Cover,Dreamy,Emotional",30.98958333333333,371,718.3058823529411,173.97242284963875,1,39,87,42
1XuLLRcVZL4,Emotional,"Latin,Jazz,Bossa Nova",30.48958333333333,261,513.6180389477281,210.38351160970507,1,48,90,40
1ZnixgWUVg4,Relaxing/Calm,"Jazz,Emotional",31.56458333333333,362,688.1129958418587,195.7519116397624,1,38,77,52
27C9Sm12Jiw,,"Swing,Happy,Playful,Bright,Emotional,Jazz",33.20104166666667,240,433.7213315345276,195.7703927492441,1,17,100,38
2Bz489ElSFk,"Easy,Laid-back","Blues,Playful,Jazz",31.48958333333333,221,421.091630830301,162.2916177506457,1,54,92,25
2c-GPHUbkSY,"Playful,Bright,Cute,Happy",Jazz,30.98958333333333,282,545.9899159663865,190.23853211009128,1,29,85,39
2fbiwumZwCY,Mysterious,"Laid-back,Dreamy,Jazz",33.83958333333333,204,361.70658129655857,199.3079584775088,1,30,87,34
2hHogbPZxPU,"Ballad,Dreamy,Emotional,Jazz",Laid-back,34.25729166666667,172,301.24973393742204,178.12763564801807,1,30,90,34
2IsJ-o2oD1Q,Sad,"Ballad,Relaxing/Calm,Dreamy,Emotional,Jazz",37.096875,167,270.1036138488754,181.20330318521437,1,22,86,35
2jtnyY3zZuw,"Happy,Passionate,Swing,Emotional",Jazz,36.23125,294,486.8725202691047,202.04618532592792,1,47,99,43
2MLx-bIwAvk,Bright,"Playful,Swing,Jazz",30.48958333333333,345,678.9203963102153,198.2300884955751,1,44,81,38
2O0IFuHy3f4,"Ballad,Jazz,Dark",Mysterious,36.121875,144,239.19024137036075,140.25974025973997,1,25,92,31
2pKVPTUBHNw,"Swing,Laid-back,Emotional,Playful,Bright","Relaxing/Calm,Jazz",31.48958333333333,239,455.38868673503146,197.8106889890532,1,27,93,42
2pqJ-gdR-lw,"Relaxing/Calm,Playful,Emotional","Bossa Nova,Latin,Jazz",31.44375,286,545.7364341085272,217.73195876288636,1,23,84,39
2w_cxOjwJtA,Dreamy,"Ballad,Relaxing/Calm,Pop-Piano Cover,Emotional,Jazz",31.485416666666666,292,556.4480910474426,188.8082416295952,1,29,85,22
2Y0pvfVBvAw,"Relaxing/Calm,Pop-Piano Cover,Dreamy","Ballad,Emotional,Jazz",43.81875,190,260.1626016260162,133.54973336424746,1,35,89,36
2zvoKCeai6s,"Ragtime,Happy","Playful,Bright,Upbeat/Energetic,Jazz",31.48958333333333,400,762.1567978828978,202.0679468242246,1,43,95,52
34J_Hdqw2Jg,"Emotional,Relaxing/Calm",Jazz,31.48958333333333,192,365.8352629837909,213.00462249614787,1,37,81,32
3AtmIjiDaCI,"Bright,Passionate,Intense/Grand,Upbeat/Energetic","Swing,Playful,Jazz",30.48958333333333,375,737.9569525111036,206.1303874280387,1,39,101,57
3D8_0GQcSpk,"Swing,Playful","Bright,Jazz",30.48958333333333,301,592.3334472155792,209.83606557376876,1,26,92,36
3DmslhrOfgo,"Cute,Ragtime","Bright,Playful,Jazz",30.98958333333333,440,851.8991596638655,185.6567284448024,1,25,88,51
3exdiPRtiQI,"Bossa Nova,Latin,Dark,Relaxing/Calm","Laid-back,Emotional,Jazz",31.635416666666668,210,398.2877839973658,157.9524680073125,1,57,96,28
3KJfl1pkbO4,"Difficult/Advanced,Bright,Upbeat/Energetic,Latin,Jazz","Passionate,Speedy",30.979166666666668,473,916.0995292535306,215.5509355509351,1,44,107,51
3LYcoznFZDE,"Cute,Playful,New-age,Bright,Ragtime,Jazz",Happy,30.98958333333333,230,445.3109243697479,162.89592760180994,1,51,96,35
3ojt7e88g2I,"Difficult/Advanced,Powerful,Speedy","Blues,Upbeat/Energetic,Jazz",30.98958333333333,514,995.1731092436976,211.7647058823532,1,48,108,42
41s-_sIQgcI,"Tense,Difficult/Advanced","Ballad,Relaxing/Calm,Mysterious,Dreamy,Emotional,Jazz",42.78125,171,239.82468955441928,161.94939081537032,1,16,83,39
46-wHclE6Kg,Dreamy,"Laid-back,Emotional,Bright,Relaxing/Calm,Jazz",31.763541666666665,179,338.1235037549601,186.9262865090401,1,17,95,37
47MtbXzxXr4,"Swing,Relaxing/Calm,Mysterious,Dreamy","Tense,Emotional,Dark,Jazz",30.98958333333333,307,594.3932773109243,174.75406821733935,1,31,91,43
4dDJfJWMCDw,"Passionate,Intense/Grand","Latin,Happy,Cute,Playful,Speedy,Bright,Bossa Nova,Emotional,Upbeat/Energetic,Jazz",31.48958333333333,395,752.6298379093615,191.8720852764824,1,34,99,43
4N8ttqTAnB8,Swing,"Emotional,Jazz",30.48958333333333,215,423.0953194396994,186.34746036881288,1,14,86,33
4QAxUvw9ays,"Funk,Difficult/Advanced,Playful,Upbeat/Energetic","Intense/Grand,Speedy,Jazz",30.48958333333333,453,891.4519986334132,240.7244021360576,1,38,96,41
4tFd_iqE3Vo,"Relaxing/Calm,Playful,Emotional,Upbeat/Energetic,Jazz","Happy,Laid-back,Bright",30.48958333333333,277,545.1042022548685,197.8763272954404,1,38,85,34
4XBOV7gWjl8,"Swing,Dreamy,Mysterious",Jazz,30.98958333333333,299,578.9042016806723,188.95571350464724,1,28,105,48
56L8VPKEE1g,,"Ballad,Emotional,Jazz",35.37995933333333,168,284.9070544437596,138.66654591938686,1,35,88,37
57GDls5pvKM,"Relaxing/Calm,Emotional","Swing,Jazz",30.560416666666665,267,524.2075124412025,183.26439707286045,1,24,97,37
58QS5POhkug,"Swing,Passionate,Difficult/Advanced,Upbeat/Energetic",Jazz,35.21041666666667,313,533.3648896514999,233.67139959432149,1,43,109,49
59k66D_YT7U,,"Jazz,Emotional",41.63854166666667,227,327.1007930352988,215.59575795383623,1,35,93,40
5ItK9LluHGM,"Swing,Emotional,Relaxing/Calm,Ballad",Jazz,36.469791666666666,228,375.10496701036817,194.24717317992472,1,27,97,38
5WHczfuJP10,"Laid-back,Bright","Relaxing/Calm,Jazz",30.98958333333333,268,518.8840336134454,202.5791324736225,1,26,92,35
5YkeVcDh-tI,"Laid-back,Swing,Mysterious","Tense,Playful,Jazz",42.440625,185,261.5418599514027,206.82226211849212,1,40,93,32
6765qLZvzkA,"Laid-back,Mysterious",Jazz,30.98958333333333,205,396.9075630252101,189.4113778362382,1,34,99,36
6AQYVeCtQTY,"Happy,Latin,Upbeat/Energetic","Playful,Bright,Jazz",30.98958333333333,362,700.8806722689076,181.64118735860703,1,61,99,37
6bO-lr12q9U,"Emotional,Dreamy,Swing",Jazz,31.488541666666663,202,384.90191537927154,180.37578288100224,1,17,95,26
6hQb03I-spM,"Relaxing/Calm,Upbeat/Energetic","Swing,Happy,Bright,Emotional,Jazz",30.48958333333333,250,491.9713016740691,183.37460205164504,1,37,95,33
6mohxZTeeAI,,"Latin,Relaxing/Calm,Bossa Nova,Pop-Piano Cover,Emotional,Jazz",30.585416666666667,176,345.2625842926232,164.93392070484578,1,47,89,26
6Uca3He6nZU,,"Sad,Ballad,Relaxing/Calm,Dreamy,Emotional,Jazz",40.005951800000005,161,241.46407135350293,177.84675013338585,1,23,93,28
6_77lBXFDp4,"Blues,Swing,Difficult/Advanced","Playful,Jazz",41.204166666666666,194,282.4957022954798,208.58768753233315,1,26,93,40
6_SEy5HAdy0,Laid-back,"Ballad,Relaxing/Calm,Emotional,Jazz",42.628077635416666,168,236.46386511282037,152.79689555877573,1,26,92,38
76rWKIUjc-Q,"Swing,Relaxing/Calm,Playful,Bright",Jazz,30.98958333333333,286,553.7344537815126,192.9186602870812,1,25,92,37
7DB-zM1tlhs,"Relaxing/Calm,Emotional,Laid-back,Blues","Playful,Jazz",30.98958333333333,146,282.6756302521008,170.30623020063385,1,19,91,27
7DWV1FcFZf4,"Relaxing/Calm,Dreamy","Ballad,Jazz",30.610416666666666,262,513.5506703872592,220.8105147864184,1,40,103,48
7iPSSj62CUw,,"Swing,Jazz",30.84895833333333,302,587.3780178963364,205.71428571428575,1,57,92,39
7lo-4g1MMZI,Upbeat/Energetic,"Latin,Happy,Bossa Nova,Bright,Emotional,Jazz",34.44375,272,473.81600435492646,178.05255023183844,1,29,85,34
7NK-GqAvZ70,Swing,Jazz,33.81979166666667,325,576.5854560014784,218.55292424440677,1,32,85,41
7PGJwrooJNU,"Playful,Dark,Jazz",Speedy,31.48958333333333,427,813.6023817399933,231.4893617021284,1,48,101,47
7VeJsk8Jt_Q,"Happy,Bright","Powerful,Latin,Upbeat/Energetic,Passionate,Intense/Grand,Mysterious,Bossa Nova,Dreamy,Emotional,Epic,Jazz",38.91041666666666,252,388.5848905070408,207.04529115744012,1,33,107,52
85HOa-uUxG4,Playful,"Swing,Jazz",30.48958333333333,301,592.3334472155792,203.95750885232263,1,28,94,43
8cN6K1E9hhc,"Speedy,Bright,Upbeat/Energetic,Intense/Grand",Jazz,35.88854166666667,205,342.7277740690215,135.0923482849603,1,17,88,32
8g8MWLCEKKA,"Difficult/Advanced,Passionate","Swing,Jazz",31.48958333333333,289,550.6582864703937,216.6965245431745,1,37,104,55
8nRsir7lgh8,Bright,"Blues,Playful,Jazz",31.48958333333333,319,607.820046311611,216.13508442776737,1,21,85,24
8pISafAIXDY,"Ballad,Mysterious,Emotional,Jazz","Laid-back,Dreamy",34.66354166666667,194,335.7995011569553,187.4186550976139,1,17,89,29
8rcqdL8pQD4,Emotional,"Jazz,Relaxing/Calm",39.75416666666666,351,529.7557907976103,190.46569302838245,1,27,89,58
8SUh01RK380,"Relaxing/Calm,Upbeat/Energetic","Latin,Happy,Cute,Playful,Bossa Nova,Bright,Emotional,Jazz",30.48958333333333,306,602.1728732490606,196.0294951786726,1,36,93,39
8ttv82TyhJQ,,"Swing,Happy,Playful,Bright,Jazz",30.98958333333333,288,557.6067226890756,205.8061634658333,1,21,90,42
8ufle2PEr4g,Sad,"Ballad,Laid-back,Relaxing/Calm,Dreamy,Emotional,Jazz",36.74416666666667,207,338.0128365046606,163.03527398983536,1,18,84,33
8xirqj5Gde0,"Bossa Nova,Bright","Latin,Happy,Jazz",30.48958333333333,248,488.0355312606765,173.23308270676685,1,52,96,34
90QLvaWjMwc,,"Sad,Ballad,Laid-back,Relaxing/Calm,Dreamy,Emotional,Jazz",31.48958333333333,183,348.6867350314257,154.23563777994164,1,33,92,40
91T0mD0xVGA,,"Ballad,Relaxing/Calm,Mysterious,Emotional,Jazz",39.751041666666666,263,396.9707292785829,214.8310662571304,1,30,102,42
9bO9fRO6U1k,Jazz,"Emotional,Relaxing/Calm",30.48958333333333,162,318.79740348479675,154.9577248270563,1,24,81,35
9bskIy8ZPW8,"Swing,Playful,Emotional",Jazz,32.322916666666664,226,419.5165968417661,217.74771189812947,1,27,90,39
9lHVAByQPnw,"Tense,Playful","Swing,Jazz",40.098958333333336,197,294.7707494479802,199.25871015567108,1,25,87,39
9sF67F6pAho,,"Relaxing/Calm,Jazz,Emotional",31.5,215,409.5238095238095,184.19369575148465,1,26,85,47
9WGHBanLZZM,Speedy,"Swing,Difficult/Advanced,Jazz",31.48958333333333,416,792.6430697982137,206.05393505778775,1,30,100,56
A-sROf4Ii7I,Playful,"Swing,Laid-back,Jazz",32.34641120208333,155,287.51257571971433,177.68286563558516,1,31,87,42
a1kg5jyc7n8,"Bright,Emotional","Swing,Jazz",30.990625,251,485.9534133306444,204.61811722912967,1,53,88,31
a2Su0HEYIP8,,"Swing,Emotional,Jazz",37.59166666666667,252,402.2168033695411,203.53356890459355,1,34,95,38
A37wa2PL9Ps,,"Swing,Tense,Powerful,Difficult/Advanced,Upbeat/Energetic,Passionate,Intense/Grand,Speedy,Epic,Jazz",30.48958333333333,497,978.0389477280492,199.30795847750815,1,52,103,49
AaCkVgX2tok,"Laid-back,Relaxing/Calm,Ballad,Jazz",Emotional,37.57083333333333,196,313.0087612287901,181.91489361702145,1,36,98,29
aAslyGexstM,"Happy,Relaxing/Calm,Latin,Jazz",,30.898958333333333,156,302.9228331591545,137.0675453047776,1,64,95,29
aFt0GyWU0ik,"Swing,Intense/Grand,Upbeat/Energetic","Tense,Mysterious,Dreamy,Dark,Jazz",30.98958333333333,305,590.5210084033613,202.35585864848136,1,60,94,27
ahjDGmHR-M0,"Playful,Bright,Upbeat/Energetic","Latin,Jazz",30.98958333333333,384,743.4756302521008,188.0545419627425,1,52,91,49
aihmo73fIs8,"Playful,Ragtime,Happy,Bright",Jazz,30.48958333333333,527,1037.0755039289377,187.7194281905044,1,35,91,60
AJ0835OfMuQ,,"Jazz,Emotional",32.096875,266,497.2446694576964,196.07227022780825,1,29,91,42
Akn2cF6x-MQ,Intense/Grand,"Swing,Playful,Bright,Emotional,Jazz",30.98958333333333,269,520.8201680672269,196.2521294718908,1,24,89,37
AP5AM5I2tBw,"Bright,Swing,Difficult/Advanced",Jazz,31.55,505,960.3803486529316,211.66743224621047,1,28,89,43
AUdoevy11GM,"Passionate,Intense/Grand,Epic,Difficult/Advanced,Speedy","Upbeat/Energetic,Jazz",30.48958333333333,502,987.8783737615308,215.0145167980097,1,24,96,55
aUw1QKmyi84,"Emotional,Mysterious","Bossa Nova,Latin,Jazz",30.98958333333333,264,511.1394957983193,198.0515759312321,1,39,94,45
AWQnT-IDlv8,Happy,"Ragtime,Cute,Playful,Bright,Jazz",31.48958333333333,382,727.8597419781673,210.00437509114755,1,38,93,44
B1c4CFmGM5s,,"Ballad,Relaxing/Calm,Emotional,Jazz",30.48958333333333,224,440.8062862999659,215.7303370786516,1,25,91,39
b1oAFfC0P8w,"Happy,Playful,Bright,Pop-Piano Cover",Jazz,31.73333333333333,307,580.4621848739496,188.3076923076928,1,44,86,47
b2S4mfgHXnE,"Ballad,Laid-back,Relaxing/Calm,Dreamy","Emotional,Jazz",38.16458333333333,186,292.417708390196,168.50674128720416,1,26,90,29
bb1hEP3AALE,Laid-back,"Ballad,Relaxing/Calm,Emotional,Jazz",31.05,167,322.70531400966183,120.48408785298076,1,12,94,36
BB8LyY8gez4,,"Latin,Relaxing/Calm,Intense/Grand,Mysterious,Bossa Nova,Dreamy,Emotional,Jazz",34.995604166666666,200,342.90020949059675,178.89161735414308,1,37,104,45
BbgEbWaLNAE,"Playful,Pop-Piano Cover,Latin","Tense,Mysterious,Jazz",43.284375,322,446.3504440112628,206.7885117493471,1,42,100,59
be2v230F3Mk,,"Swing,Powerful,Ragtime,Upbeat/Energetic,Happy,Cute,Passionate,Intense/Grand,Playful,Bright,Epic,Jazz",31.479166666666668,477,909.1727332892124,209.49464012251173,1,52,103,53
BE9y4bgyPqs,,"Swing,Playful,Jazz",30.48958333333333,291,572.6545951486164,200.28635712824712,1,33,94,40
bKBrtGY5cKA,Powerful,"Swing,Difficult/Advanced,Upbeat/Energetic,Happy,Cute,Passionate,Intense/Grand,Playful,Bright,Emotional,Epic,Jazz",30.48958333333333,496,976.071062521353,209.3023255813953,1,54,101,56
BklWzIFzTGA,Jazz,"Happy,Playful,Bright,Upbeat/Energetic",30.98958333333333,386,747.3478991596638,202.9268292682931,1,38,95,45
bKmJ8eZTeMA,"Passionate,Difficult/Advanced","Swing,Jazz",31.48958333333333,342,651.6440621898776,211.0703953712634,1,51,103,48
bmFqzRZrbjc,,"Swing,Jazz",30.48958333333333,323,635.6269217628973,227.2687417799212,1,63,106,46
BRFdaIhTBAc,,"Jazz,Emotional",31.34895833333333,301,576.0956969596278,201.66980877996212,1,28,94,45
bvDHPFkF1hg,"Dark,Mysterious","Laid-back,Jazz",30.48958333333333,257,505.746498120943,215.9509202453984,1,40,84,37
bvLcgCiJGTQ,"Swing,Happy,Cute,Bright,Intense/Grand","Ragtime,Playful,Upbeat/Energetic,Jazz",30.98958333333333,424,820.9210084033613,209.10603539555285,1,40,107,54
BWAQ3B3yIt4,,"Latin,Laid-back,Relaxing/Calm,Jazz",36.509375000000006,175,287.5973636908328,181.24606670862195,1,15,89,31
BXUCmVHMe2Q,"Relaxing/Calm,Bossa Nova,Latin","Bright,Jazz,Emotional",31.48958333333333,378,720.2381739993384,163.151796060255,1,33,92,40
By8xfHJfOkA,"Bright,Pop-Piano Cover","Swing,Jazz",31.954166666666666,257,482.5661755118008,185.27519656897823,1,39,100,48
C2N1T3zKQHs,"Dark,Sad,Emotional,Relaxing/Calm","Laid-back,Bossa Nova,Latin,Jazz",31.48958333333333,167,318.2004631161098,188.27374872318703,1,67,91,33
c4qcrfPkRhk,"Jazz,Laid-back","Pop-Piano Cover,Emotional",31.48958333333333,206,392.5107509096924,169.68048946295062,1,45,82,30
cfDO4hoKoW0,Relaxing/Calm,"Ballad,Laid-back,Mysterious,Dreamy,Emotional,Jazz",34.83541666666667,218,375.4799354105616,178.71121718377086,1,32,105,29
cicCA3fwdls,"Happy,Emotional,Pop-Piano Cover,Jazz,Bright",,30.490625,140,275.4945167572,174.94305239179965,1,62,94,29
cJeCACXF8bk,"Ballad,Laid-back,Jazz,Pop-Piano Cover","Relaxing/Calm,Emotional",30.48958333333333,232,456.5493679535361,200.6502554575012,1,29,91,42
cLVf_IyULjU,"Laid-back,Dreamy","Ballad,Relaxing/Calm,Emotional,Jazz",31.48958333333333,206,392.5107509096924,153.73665480427042,1,36,98,45
CNW5rzQlkqg,"Swing,Relaxing/Calm,Bright,Emotional",Jazz,31.419791666666665,269,513.6889566687664,204.38709677419368,1,20,87,36
COVsANEp3nI,,"Swing,Happy,Bright,Pop-Piano Cover,Emotional,Upbeat/Energetic,Jazz",32.61354166666666,281,516.9631735283784,174.40132122213015,1,49,92,42
CPT_r8vi8z0,"Bossa Nova,Latin,Upbeat/Energetic","Playful,Bright,Jazz",30.98958333333333,395,764.7731092436975,180.59615809229388,1,56,97,38
cQwysEV6WME,,"Passionate,Intense/Grand,Jazz",30.48958333333333,447,879.6446873932355,212.6582278481011,1,35,106,47
CS9c4dT4Sdg,Relaxing/Calm,"Ballad,Emotional,Jazz",30.98958333333333,251,485.9697478991597,212.7031019202361,1,32,86,44
csTSuEV5PFY,"Happy,Bright,Emotional","Ballad,Jazz",36.879375,228,370.9390411307133,203.7447531009762,1,30,97,48
Ct67hJyxANA,"Dreamy,Relaxing/Calm,Jazz,Emotional",,34.625,172,298.0505415162455,196.193147665798,1,34,87,36
CVbtOyfC1v4,Intense/Grand,"Passionate,Latin,Jazz",30.98958333333333,415,803.4957983193277,200.7997539218701,1,57,96,49
CXdcveJ357Q,"Tense,Mysterious,Emotional",Jazz,32.189,242,451.0857746435118,189.45374171139872,1,27,89,30
CzGQZOtKkXc,Upbeat/Energetic,"Difficult/Advanced,Speedy,Jazz",31.48958333333333,521,992.7092292424744,198.8873968923849,1,45,100,43
CZpxXQQrBA8,"Bright,Playful","Jazz,Emotional",30.48958333333333,288,566.7509395285275,222.36421725239623,1,48,83,41
D2MfGgXBXvg,"Tense,Relaxing/Calm,Bossa Nova,Latin,Dark","Laid-back,Emotional,Jazz",32.96895833333333,200,363.9787426303783,191.3875598086128,1,28,93,34
d6LgF9YFk9U,Relaxing/Calm,"Difficult/Advanced,Emotional,Ballad,Jazz",37.08645833333333,284,459.46689885683793,197.26027397260293,1,34,99,54
d8gs8iLoEUU,"Ballad,Dreamy","Emotional,Relaxing/Calm,Jazz",40.097687500000006,260,389.0498672772588,189.12840045311995,1,28,85,43
dExLPV4woj4,"Blues,Playful","Difficult/Advanced,Happy,Bright,Emotional,Upbeat/Energetic,Jazz",30.98958333333333,425,822.8571428571428,210.69500087092828,1,27,99,42
DNxIJAHFHNk,"Difficult/Advanced,Passionate,Mysterious,Swing,Ragtime","Intense/Grand,Jazz",35.13229166666667,275,469.6533934236665,210.63829787234084,1,39,103,59
dOQz1h81l2s,"Passionate,Ragtime,Bright,Intense/Grand,Swing","Playful,Jazz,Emotional",30.48958333333333,384,755.6679193713701,182.98623367454948,1,44,89,48
dp294HyceRU,Upbeat/Energetic,"Ballad,Relaxing/Calm,Pop-Piano Cover,Dreamy,Emotional,Jazz",32.16979166666667,265,494.2525013761616,181.19911176906012,1,32,89,41
dpsRdKwiPps,,"Latin,Happy,Playful,Bright,Pop-Piano Cover,Emotional,Upbeat/Energetic,Jazz",31.48958333333333,301,573.5229904068806,176.91237830319875,1,66,91,37
dSCcZOVYnZs,"Passionate,Intense/Grand,Difficult/Advanced,Speedy","Playful,Jazz",30.48958333333333,425,836.3512128459174,201.66980877996232,1,44,97,40
dSXFxfvPEY8,,"Blues,Jazz,Playful",30.98958333333333,220,425.9495798319328,199.3942016443102,1,28,95,35
dtdxNL9nE-Q,"Sad,Dreamy","Ballad,Laid-back,Relaxing/Calm,Emotional,Jazz",41.05416666666667,175,255.75966710646503,154.58937198067642,1,21,95,43
DvA_wDOVD10,"Bossa Nova,Latin,Cute,Bright","Relaxing/Calm,Jazz",30.490625,233,458.5015886030542,208.65365264640783,1,40,89,30
dVGfouRh4ZU,"Ragtime,Easy,Laid-back","Emotional,Jazz",30.48958333333333,249,490.0034164673728,185.11742892459807,1,22,76,32
dVKbG_Tp7Q8,"Difficult/Advanced,Emotional,Intense/Grand,Playful",Jazz,36.153125,233,386.6885642665744,204.64234959734696,1,31,107,48
e-tHAL0Q608,Emotional,"Ballad,Relaxing/Calm,Jazz",42.87395833333333,212,296.68359289584293,135.1319648093842,1,37,87,41
e8CLqAIW8MM,"Upbeat/Energetic,Playful","Swing,Jazz",32.26145833333333,362,673.249168577056,203.31803741616528,1,26,104,48
E8QV2pdL4yU,Upbeat/Energetic,"Easy,Ballad,Laid-back,Emotional,Jazz",40.11437500000001,160,239.31570665129388,154.23751506225744,1,67,97,31
EazScG6wn84,"Blues,Relaxing/Calm",Jazz,32.780208333333334,185,338.6189583399536,207.2688017272406,1,22,99,19
Ef1tQ2J1Hqw,"Tense,Sad,Emotional,Dark,Laid-back,Jazz",,30.98958333333333,220,425.9495798319328,196.82694654625325,1,6,89,34
egrG9PGUgXw,"Relaxing/Calm,Dreamy,Jazz",Emotional,39.86145833333333,176,264.917552982988,171.70373767484543,1,25,86,36
EI60NCK5YOM,"Cute,Happy","Latin,Playful,Bright,Jazz",31.58020833333333,365,693.4723092654287,176.16750970474064,1,30,87,47
EIsuJzB8b4k,Pop-Piano Cover,"Powerful,Difficult/Advanced,Upbeat/Energetic,Passionate,Intense/Grand,Bright,Funk,Emotional,Epic,Jazz",30.98958333333333,277,536.309243697479,209.58156458459703,1,41,104,50
ekPqGrNoK3g,Passionate,Jazz,31.48958333333333,279,531.6043665233212,185.59263521288847,1,29,90,31
Eksnrc8-rjg,"Swing,Upbeat/Energetic,Tense,Powerful,Difficult/Advanced","Passionate,Speedy,Jazz",31.48958333333333,402,765.9675818723123,205.40861812778635,1,34,106,58
emw48yZGijM,Powerful,"Ballad,Passionate,Intense/Grand,Mysterious,Dreamy,Emotional,Epic,Jazz",41.86495348333333,248,355.42855686974093,203.46190038880647,1,37,110,47
eq3HmXqtU0g,"Ragtime,Happy,Jazz","Playful,Bright,Upbeat/Energetic",30.53020833333333,401,788.0719233000102,213.6930860033721,1,51,85,34
ERNYOYT8CUI,"Swing,Laid-back",Jazz,30.98958333333333,204,394.9714285714285,173.69016208066316,1,45,92,35
Es_7LgHf2Ig,"Emotional,Dark","Bossa Nova,Jazz,Latin",43.13333333333333,329,457.6506955177744,221.85282789377683,1,31,89,48
eUHo09Jl9Ic,"Intense/Grand,Playful,Dark","Passionate,Latin,Jazz",34.003125,339,598.1803143093466,191.1888955944481,1,49,109,48
eZA0tNTnufs,Playful,"Bright,Latin,Jazz",30.98958333333333,330,638.9243697478992,191.7261055634799,1,48,87,42
e_AaPV5YMqc,Emotional,"Swing,Jazz",30.88958333333333,262,508.9094220004047,199.6800000000001,1,17,89,40
F-JRASFzpns,Difficult/Advanced,"Swing,Jazz",30.48958333333333,396,779.2825418517255,202.867924528302,1,40,91,40
f3WuFHdBqZM,"Bright,Blues","Playful,Jazz",30.48958333333333,457,899.3235394601983,207.11974110032375,1,39,101,63
F8Bty2Vf1OY,Bright,"Playful,Jazz",31.48958333333333,273,520.1720145550778,223.29702787520785,1,42,100,41
FBcJM19Rz4U,"Relaxing/Calm,Ragtime,Jazz,Bright,Easy,Speedy,Pop-Piano Cover","Cute,Playful,Upbeat/Energetic",31.369791666666668,294,562.3244230449941,209.2955149411575,1,42,89,27
FC-WcCBFNgY,"Ballad,Relaxing/Calm,Jazz",Emotional,30.48958333333333,277,545.1042022548685,174.85714285714275,1,43,84,36
fcVnQ1Ou-ZQ,"Passionate,Emotional,Bossa Nova,Latin,Jazz",,40.5375,248,367.06753006475486,202.7455121436115,1,50,101,39
fczxPs8SmTU,"Relaxing/Calm,Ballad,Jazz",Emotional,31.48958333333333,160,304.8627191531591,144.54203262233378,1,34,91,33
fHx5Zfpawc4,"Playful,Difficult/Advanced,Intense/Grand,Speedy","Passionate,Upbeat/Energetic,Jazz",31.48958333333333,519,988.89844525306,209.76659493461324,1,39,107,66
fi0Db7lRGHw,"Laid-back,Mysterious,Dreamy,Ballad,Jazz",Emotional,30.61458333333333,168,329.2548485879551,184.7976307996053,1,11,95,37
fiTHnAilNMg,"Playful,Epic","Swing,Happy,Intense/Grand,Bright,Emotional,Upbeat/Energetic,Jazz",31.48958333333333,330,628.7793582533907,201.44003291503824,1,29,103,40
fj6dtidon8o,"Tense,Playful,Blues,Passionate,Funk,Upbeat/Energetic",Jazz,31.48958333333333,303,577.3337743962951,195.1339698182937,1,50,94,34
fJOQQEpWqnU,"Swing,Bright",Jazz,35.24791666666667,281,478.3261422069862,181.92419825072884,1,33,88,46
fl1bYqyd9rA,"Relaxing/Calm,Dreamy","Latin,Happy,Bossa Nova,Bright,Emotional,Jazz",30.48958333333333,268,527.393235394602,184.5078625509604,1,47,103,39
FrYW23kBTss,"Playful,Blues","Cute,Happy,Bright,Jazz,Emotional",30.48958333333333,426,838.3190980526136,219.36887921653965,1,26,89,45
FtoU5Ku36p4,,"Swing,Jazz",31.48958333333333,276,525.8881905391995,189.72332015810275,1,59,93,43
FtXlkxezDJY,Dreamy,"Latin,Happy,Laid-back,Bossa Nova,Bright,Emotional,Jazz",41.65833333333333,241,347.1094218843769,181.99052132701416,1,20,85,35
ftzkAf8T9tU,"Happy,Cute,Bright","Ragtime,Jazz",30.98958333333333,342,662.1579831932772,196.3636363636358,1,52,96,50
fY-wImNxrWc,Playful,"Blues,Laid-back,Jazz",31.48958333333333,284,541.1313264968575,209.42997888810703,1,24,82,29
fYqqZTzfX60,"Laid-back,Jazz,Emotional","Relaxing/Calm,Mysterious",34.53958333333333,137,237.98781591169555,156.94822888283335,1,41,89,35
FzhujCW9UUk,"Powerful,Passionate,Upbeat/Energetic","Happy,Intense/Grand,Bright,Jazz",31.48958333333333,302,575.4283824015878,205.95947556615047,1,49,108,45
g4xoe5Ccuzc,"Upbeat/Energetic,Happy,Bright","Powerful,Ballad,Passionate,Intense/Grand,Pop-Piano Cover,Dreamy,Emotional,Epic,Jazz",31.494791666666668,365,695.3530676368447,214.7651006711405,1,44,102,59
g5wF0yfF5W4,"Playful,Happy,Speedy,Bright,Upbeat/Energetic","Ragtime,Jazz",30.48958333333333,468,920.9702767338572,212.4807869658776,1,38,83,48
g5YV82pbLl4,Easy,"Swing,Jazz",30.48958333333333,199,391.60915613255895,172.24021928731608,1,66,93,44
G7pjWtATZOw,"Ballad,Relaxing/Calm,Swing,Playful","Emotional,Jazz",31.48958333333333,259,493.49652662917634,174.93097736057416,1,15,91,37
Ga4J5IpldAs,Blues,Jazz,30.48958333333333,476,936.7133583874275,202.3945861530453,1,48,90,32
gB6RqjLPe-k,"Swing,Bright,Emotional","Ballad,Jazz",31.48958333333333,202,384.8891829308634,153.05580159433129,1,47,90,32
gbxgMFMuT_4,,"Swing,Playful,Jazz",31.019791666666663,261,504.83898048960674,211.89454322501615,1,37,90,45
gCYd6EC2VbE,"Happy,Cute,Bossa Nova,Dreamy,Latin,Emotional","Bright,Jazz",39.41433478125,268,407.9733957009343,225.02132534132184,1,24,94,40
GfdvgxomOTM,"Pop-Piano Cover,Jazz,Happy,Upbeat/Energetic",Bright,31.48958333333333,422,804.0754217664572,214.7345996804538,1,21,91,27
gFjP2hxxa0M,Ragtime,"Swing,Tense,Mysterious,Dark,Jazz",31.48958333333333,330,628.7793582533907,169.34535476283776,1,64,96,31
GGX6vvaihhc,,"Sad,Ballad,Relaxing/Calm,Mysterious,Dreamy,Emotional,Jazz",30.48958333333333,199,391.60915613255895,196.9489742240924,1,20,103,50
gKVlISZEAVA,"Tense,Ballad,Emotional,Jazz,Pop-Piano Cover",,32.44479166666667,292,539.9942209522586,199.27166788055396,1,44,102,53
GTO6EhDTpCY,"Ballad,Dreamy,Jazz,Easy","Laid-back,Relaxing/Calm,Emotional",30.98958333333333,144,278.8033613445378,137.23196881091638,1,18,76,37
gWh7RJLPlqw,"Happy,Cute,Playful,Bright,Swing",Jazz,31.48958333333333,236,449.6725107509097,161.58275505684335,1,58,97,38
GWRqCWrgKPE,"Laid-back,Dreamy","Ballad,Relaxing/Calm,Emotional,Jazz",34.692708333333336,233,402.9665215433118,142.03338391502274,1,33,90,44
gXrc6EqOn6I,Laid-back,"Relaxing/Calm,Dreamy,Jazz",30.98958333333333,224,433.6941176470588,189.16256157635456,1,24,89,37
GZt3m90i11g,"Playful,Mysterious,Difficult/Advanced,Dreamy",Jazz,31.476310762499995,402,766.290566324434,211.8464843368549,1,31,100,58
h2eRUMQ7tm4,Bright,"Ballad,Happy,Relaxing/Calm,Pop-Piano Cover,Emotional,Jazz",30.48958333333333,239,470.32456440041005,169.31839059342283,1,50,101,40
H4CdSPKJO50,"Jazz,Relaxing/Calm",Emotional,36.35,194,320.2200825309491,139.87372510927642,1,44,100,47
HbJsR1mBslM,"Jazz,Relaxing/Calm",,32.73229166666667,222,406.9375934824809,196.2043795620439,1,19,89,41
HCvXkLUne_s,"Speedy,Jazz","Happy,Bright,Dreamy",36.99270833333333,256,415.2169628023541,211.5945356445872,1,37,102,54
HDMNg47DnOo,Dreamy,"Ballad,Laid-back,Relaxing/Calm,Emotional,Jazz",36.86979166666666,198,322.21500211894335,171.52138603140236,1,16,90,42
Hhh5bxoBGVk,Emotional,"Laid-back,Jazz",40.05866666666667,205,307.0496604979363,221.4566929133864,1,34,92,38
hi5bbqp4fq8,"Sad,Relaxing/Calm","Ballad,Emotional,Jazz",32.5,269,496.61538461538464,210.43165467625948,1,19,98,46
HKQghyt2zes,,"Swing,Tense,Playful,Emotional,Jazz",30.98958333333333,253,489.84201680672265,180.91872791519447,1,32,99,31
hKYDNXbGbeY,"Happy,Intense/Grand,Passionate","Ragtime,Playful,Bright,Upbeat/Energetic,Jazz",31.48958333333333,456,868.8587495865034,189.9736147757256,1,46,99,50
hrZiZoov06k,"Tense,Dreamy","Emotional,Bossa Nova,Latin,Dark,Jazz",30.98958333333333,203,393.035294117647,161.63265306122446,1,55,92,33
Hs8xm7BnBbQ,"Happy,Pop-Piano Cover","Swing,Playful,Bright,Upbeat/Energetic,Jazz",30.48958333333333,417,820.6081311923472,213.4651019147624,1,42,108,59
hUTrq9GPr4w,"Sad,Relaxing/Calm,Laid-back,Mysterious","Ballad,Emotional,Jazz",37.74479166666666,156,247.98123361390924,167.0049289649181,1,22,94,41
hV7AD9zowdE,"Intense/Grand,Speedy,Playful,Upbeat/Energetic,Swing","Difficult/Advanced,Jazz",31.48958333333333,476,906.9665894806484,220.9590235396682,1,50,104,61
hwy9N5sGCPg,Happy,"Laid-back,Bright,Bossa Nova,Dreamy,Latin,Jazz",31.569791666666667,211,401.0162668690401,179.77528089887647,1,48,92,24
hxSbDliHwSY,Dreamy,"Ballad,Relaxing/Calm,Emotional,Jazz",30.48958333333333,324,637.5948069695935,223.14049586776832,1,25,96,41
H_Zh6Qx_IsA,Laid-back,"Ballad,Relaxing/Calm,Emotional,Jazz",42.427083333333336,162,229.09894426712492,169.69696969696966,1,28,93,34
i00JpPuJ6r0,"Ballad,Dreamy,Jazz",Emotional,36.16354166666667,173,287.0294092231471,191.07358262967455,1,39,91,38
i0QVRW5oNMo,Relaxing/Calm,"Swing,Tense,Playful,Emotional,Jazz",31.48958333333333,308,586.8607343698313,217.35849056603843,1,48,92,41
I6TFJre5JAM,"Emotional,Sad,Laid-back,Bossa Nova","Latin,Jazz",31.010416666666668,217,419.85891837420223,206.98151950718687,1,28,98,41
I9-aWM_n4-M,"Cute,Playful,Bright,Upbeat/Energetic","Ragtime,Jazz",30.98958333333333,532,1030.023529411765,186.1224489795919,1,49,82,48
Ib3sWI_xRvY,"Laid-back,Emotional,Jazz",,30.48958333333333,275,541.1684318414759,193.74369323915175,1,24,86,38
iCOtujBXK7w,Relaxing/Calm,"Jazz,Emotional",32.459375,188,347.51131221719453,184.73380372033225,1,15,92,35
Ieurfr_PwFs,,"Swing,Ragtime,Happy,Cute,Intense/Grand,Playful,Bright,Epic,Emotional,Upbeat/Energetic,Jazz",31.48958333333333,387,737.3867019517036,208.93221491725228,1,25,103,47
IJlpNtDlAE4,"Difficult/Advanced,Intense/Grand,Upbeat/Energetic,Jazz","Powerful,Passionate",30.98958333333333,502,971.9394957983192,210.21897810218968,1,45,104,57
iLtJSu9-7lQ,"Laid-back,Bright,Dreamy","Happy,Relaxing/Calm,Emotional,Jazz",34.60208333333333,137,237.5579505087603,167.25952813067144,1,10,88,32
ImXz3Mob1h0,"Ragtime,Powerful,Intense/Grand,Epic","Passionate,Difficult/Advanced,Tense,Jazz",30.48958333333333,509,1001.6535702084046,209.5089633671082,1,48,102,54
iOjHKDlamWY,"Tense,Ballad,Relaxing/Calm,Jazz,Laid-back",Emotional,42.759375,188,263.8017978513484,175.38695762496823,1,22,89,34
isOPnrdK5cw,"Playful,Happy,Bright","Ragtime,Upbeat/Energetic,Jazz",31.48958333333333,449,855.5210056235528,208.4124830393489,1,34,88,43
itvkxSffHn0,Mysterious,"Jazz,Emotional",41.0225,189,276.43366445243464,179.02249648227604,1,40,91,38
iU5EYjxFaqQ,,"Difficult/Advanced,Jazz,Emotional",42.2375,295,419.058893163658,195.8671200627784,1,34,91,57
IvR9JDcEWlo,"Playful,Latin",Jazz,30.98958333333333,268,518.8840336134454,179.93752169385635,1,39,96,41
IvYU_PS07Ws,"Tense,Ballad,Emotional,Jazz,Dark",Dreamy,32.639583333333334,170,312.5039892768239,167.3723536737234,1,27,94,36
iX6a1jYKMp4,"Laid-back,Relaxing/Calm","Sad,Ballad,Emotional,Jazz",30.98958333333333,200,387.2268907563025,152.33057851239656,1,40,98,38
Iy9fKKEgNV0,"Passionate,Pop-Piano Cover","Intense/Grand,Powerful,Jazz",30.48958333333333,409,804.865049538777,206.25000000000028,1,30,106,66
iyDa9NQhx-I,"Difficult/Advanced,Emotional,Jazz,Playful",Mysterious,30.510416666666668,297,584.062820075111,232.1860465116279,1,54,96,47
izs1oLxZhvk,"Difficult/Advanced,Swing",Jazz,33.282291666666666,283,510.1812149854465,221.2406376032264,1,34,87,51
i_i5HdBPpwY,Laid-back,"Jazz,Emotional,Relaxing/Calm",30.98958333333333,159,307.8453781512605,156.894790602656,1,29,91,36
I_l5rZzieDY,"Happy,Cute,Laid-back",Jazz,30.959375,249,482.5678812960533,204.98220640569343,1,33,96,40
JarxyArRbG4,"Laid-back,Emotional,Relaxing/Calm",Jazz,30.494791666666668,241,474.1793339026473,202.3634621526671,1,12,74,36
jEaiG8nstTM,"Difficult/Advanced,Speedy,Upbeat/Energetic,Ballad,Emotional","Passionate,Intense/Grand,Jazz",31.48958333333333,308,586.8607343698313,225.13191323040897,1,30,101,55
jFAA3YCKGXY,"Swing,Passionate","Playful,Bright,Jazz",30.98958333333333,503,973.8756302521008,198.2030204549803,1,25,101,56
JJsxf4AjdcA,"Latin,Happy,Laid-back,Bossa Nova,Emotional,Jazz",Relaxing/Calm,31.48958333333333,211,402.0377108832286,217.3877881116057,1,16,84,33
jsQkMyrEAEI,Swing,"Emotional,Jazz",37.68645833333333,164,261.1017441056967,185.7465333763301,1,46,102,30
JtxnPV-3euU,"Swing,Happy,Playful,Bright,Emotional,Laid-back",Jazz,30.48958333333333,290,570.6867099419201,195.40143234074657,1,26,89,36
JUc4G9QE-78,,"Swing,Happy,Playful,Bright,Emotional,Upbeat/Energetic,Jazz",31.930208333333333,306,575.0040779042835,215.58784676354065,1,39,91,42
jW-iufGr7_o,Relaxing/Calm,"Jazz,Emotional",37.80416666666667,222,352.3421139645101,164.3952907599004,1,26,86,31
j_3tuqYNB7I,Mysterious,"Tense,Latin,Jazz",30.98958333333333,239,462.7361344537815,224.01555663587777,1,61,91,32
K-k0FOuJBBM,Upbeat/Energetic,"Tense,Powerful,Difficult/Advanced,Passionate,Intense/Grand,Speedy,Dark,Epic,Jazz",31.48958333333333,504,960.3175653324512,216.25441696113,1,45,104,44
K3j5qOIShxo,"Laid-back,Playful","Bossa Nova,Latin,Jazz",30.98958333333333,231,447.2470588235294,200.93023255813935,1,58,91,24
K84EZiXvew0,"Cute,Happy,Bright,Emotional","Ragtime,Playful,Jazz",31.589583333333334,448,850.9134076370111,206.9956875898421,1,57,83,49
KB9mkEjIW3c,Laid-back,"Ballad,Emotional,Relaxing/Calm,Jazz",33.68125,165,293.93208387455934,178.5861926415874,1,15,81,31
KBppvr65N_g,"Laid-back,Relaxing/Calm,Dreamy,Emotional,Ballad",Jazz,41.10625,245,357.6098525163448,156.43064985451022,1,13,86,35
kE-qdYubL04,"Swing,Ballad","Emotional,Jazz",34.15,243,426.9399707174232,199.4920341722468,1,24,93,40
kEthz_6tCTA,Latin,"Emotional,Laid-back,Relaxing/Calm,Bossa Nova,Dreamy,Jazz",33.265625,176,317.444809769845,190.45819555975484,1,15,84,38
KF64c0B9_1s,Mysterious,"Ballad,Laid-back,Relaxing/Calm,Dreamy,Emotional,Jazz",31.488541666666663,136,259.1418836216878,138.36650652024724,1,27,91,27
kgbiZODJbdM,"Ballad,Relaxing/Calm,Dreamy","Emotional,Jazz",30.539583333333333,186,365.42738249539536,187.2340425531916,1,11,92,37
kidcbuS8SZs,"Laid-back,Bright","Bossa Nova,Latin,Jazz",30.519791666666663,244,479.6887265776989,208.0747981300469,1,56,96,22
kiwm0ZU-VzE,Dreamy,"Latin,Speedy,Bossa Nova,Emotional,Dark,Jazz",30.490625,264,519.5039458850057,200.1690617075231,1,57,93,32
KkFUQhh0bM8,"Ballad,Laid-back","Relaxing/Calm,Emotional,Jazz",31.48958333333333,181,344.87595104201125,182.6638477801268,1,32,92,36
KWWpBuEkAvo,"Happy,Relaxing/Calm,Pop-Piano Cover,Dreamy,Jazz","Laid-back,Emotional",30.675791666666665,181,354.0250930769241,112.93508683355316,1,42,82,28
LBd566t0FzI,"Happy,Laid-back,Bright,Relaxing/Calm,Pop-Piano Cover,Emotional",Jazz,33.578125,236,421.7031177291763,202.10526315789545,1,31,86,40
LDr2RogEsiM,"Jazz,Difficult/Advanced",,33.05833333333333,400,725.9894126543988,212.1546961325966,1,25,98,56
le3GhMlaj-M,,"Sad,Ballad,Relaxing/Calm,Emotional,Dark,Jazz",33.63125,193,344.32261661401225,175.1469693898237,1,7,94,44
lgxXiupomvo,"Emotional,Jazz,Dreamy",,30.48958333333333,247,486.0676460539802,172.75064267352184,1,50,96,39
Liub_zxsb6s,"Easy,Emotional","Bossa Nova,Latin,Jazz",30.48958333333333,223,438.8384010932696,193.2296431838972,1,60,92,19
LKMZyDMsVos,"Swing,Speedy,Latin,Upbeat/Energetic,Passionate","Playful,Jazz",30.98958333333333,330,638.9243697478992,247.01458072177883,1,53,102,47
ll6KoGhCukQ,"Powerful,Passionate,Dark,Epic,Funk","Tense,Difficult/Advanced,Intense/Grand,Speedy,Jazz",42.69758333333333,362,508.6938956342182,215.59998502777896,1,41,102,58
llMSUfkaYCo,Dreamy,"Ballad,Relaxing/Calm,Emotional,Jazz",31.703125,142,268.74322326269095,153.6585365853662,1,11,88,31
LmzbyOnejes,Upbeat/Energetic,"Swing,Tense,Difficult/Advanced,Intense/Grand,Mysterious,Emotional,Jazz",31.48958333333333,232,442.0509427720807,222.42562929061825,1,55,101,42
LN66FzNF60o,"Relaxing/Calm,Dreamy,Ballad","Emotional,Jazz",30.98958333333333,219,424.0134453781512,195.2956134774318,1,24,91,39
LNGQiHUZYCI,"Bossa Nova,Upbeat/Energetic,Difficult/Advanced","Latin,Emotional,Jazz",31.1,323,623.1511254019293,241.66005216010828,1,38,100,46
LNs_Gyz9fic,"Swing,Mysterious",Jazz,38.45625,345,538.2740126767432,214.5956607495072,1,37,112,55
lpblc3Buloo,"Relaxing/Calm,Laid-back","Jazz,Emotional",43.525625000000005,166,228.83071753708305,131.73241852487143,1,39,91,31
lpDluDZPxuw,"Playful,Bright","Blues,Jazz",31.48958333333333,462,880.291101554747,206.5085493656922,1,32,103,33
LSnuik3_fho,,"Ballad,Relaxing/Calm,Mysterious,Dreamy,Emotional,Epic,Jazz",31.787666666666663,265,500.19399557480375,190.5436487396333,1,41,90,48
lU0VKdwgXvM,"Mysterious,Swing",Jazz,31.48958333333333,270,514.455838570956,224.4520214320512,1,44,105,45
lvBZDYMXwr8,"Laid-back,Upbeat/Energetic,Difficult/Advanced","Swing,Jazz",30.48958333333333,250,491.9713016740691,194.8689032985621,1,53,104,44
LvZ0bd-7ws8,"Ballad,Relaxing/Calm,Mysterious,Dreamy,Jazz","Tense,Emotional",31.53020833333333,181,344.43159668307504,199.51506754416397,1,27,89,47
Lw4ZuiRPR70,"Jazz,Relaxing/Calm",,30.48958333333333,338,665.1451998633414,233.6713995943207,1,27,91,38
Lyhyw9ZPW8c,"Pop-Piano Cover,Tense","Latin,Playful,Jazz",30.48958333333333,311,612.0122992825419,227.53950338600436,1,40,91,35
M-YpyeeYI-I,"Dreamy,Dark,Latin","Emotional,Jazz",31.48958333333333,348,663.0764141581211,202.2546664202544,1,19,79,41
m44cR5u9SJs,Swing,"Dreamy,Mysterious,Jazz",32.88229166666667,241,439.7503722241581,199.7847147470396,1,41,98,42
M8UkXdIvmL4,Dark,"Swing,Tense,Powerful,Difficult/Advanced,Upbeat/Energetic,Passionate,Intense/Grand,Speedy,Epic,Jazz",39.56145833333333,559,847.7948339872034,217.956656346749,1,36,114,64
mbopPiXbtAc,"Mysterious,Jazz","Dreamy,Laid-back,Emotional",30.48958333333333,191,375.8660744789888,191.2033195020748,1,18,92,37
MC-ylFB5UOM,"Relaxing/Calm,Latin,Jazz,Bossa Nova",,30.98958333333333,194,375.6100840336134,164.51920025388762,1,59,97,26
MCWThxRWZyc,"Swing,Difficult/Advanced,Speedy,Upbeat/Energetic","Passionate,Playful,Jazz",30.48958333333333,329,647.4342330030748,197.01930124602956,1,17,89,45
MHP0iMCOYa4,,"Ragtime,Playful,Happy,Bright,Upbeat/Energetic,Jazz",30.48958333333333,518,1019.3645370686712,190.36827195467467,1,55,83,37
mJmRTSFxHGE,"Bright,Relaxing/Calm,Cute","Swing,Playful,Jazz",31.48958333333333,222,422.9970228250083,176.55172413793093,1,57,96,34
mkde7nl1Cow,"Bright,Dreamy,Emotional,Mysterious","Difficult/Advanced,Jazz",37.065625,333,539.043925470028,199.53810623556512,1,43,89,54
mO9TMpviK-g,"Passionate,Intense/Grand,Playful","Upbeat/Energetic,Speedy,Jazz",35.571875,365,615.6549240094878,196.923076923077,1,57,108,55
Mpfumj656V4,"Powerful,Speedy,Funk","Passionate,Upbeat/Energetic,Difficult/Advanced,Jazz",30.48958333333333,348,684.8240519303041,212.54612546125475,1,35,103,50
MPGFCmj55aU,"Passionate,Playful","Powerful,Latin,Sad,Upbeat/Energetic,Intense/Grand,Emotional,Dark,Epic,Jazz",30.98958333333333,417,807.3680672268907,213.68948247078472,1,59,95,44
MQ031C_yaKo,"Relaxing/Calm,Mysterious,Pop-Piano Cover,Dreamy","Emotional,Jazz",31.50520833333333,217,413.2650024797487,184.4675740592476,1,42,94,42
MqPFzbr8C1w,"Ragtime,Difficult/Advanced,Powerful,Speedy,Passionate,Intense/Grand","Swing,Upbeat/Energetic,Jazz",30.98958333333333,422,817.0487394957983,212.25241824044275,1,43,109,62
MSJNAClDiGQ,"Playful,Relaxing/Calm,Bright,Blues,Jazz",Happy,30.48958333333333,288,566.7509395285275,213.6591752127427,1,34,103,50
MXK-InD7GBU,Ballad,"Jazz,Emotional",35.046875,222,380.0624164065983,186.4077669902909,1,32,82,38
MYFep2d2IFs,"Cute,Playful,Bright,Upbeat/Energetic","Ragtime,Jazz",31.48958333333333,505,962.2229573271584,182.67822801039156,1,49,86,45
MZ_fNR5Nx7A,"Sad,Ballad,Emotional,Dreamy","Relaxing/Calm,Jazz",36.114583333333336,254,421.9901932506489,199.7687861271676,1,23,78,39
M_VDLJTXoT8,"Ballad,Relaxing/Calm,Jazz,Pop-Piano Cover","Sad,Emotional",32.321875,245,454.80034806149087,216.3934426229515,1,7,94,37
N-1-x_Snw_U,"Sad,Mysterious,Dark","Emotional,Jazz",31.539583333333333,313,595.4422352863465,178.80955594547194,1,42,86,43
n490gGBZQjw,"Happy,Upbeat/Energetic,Laid-back,Relaxing/Calm","Ragtime,Playful,Bright,Jazz",30.48958333333333,338,665.1451998633414,214.85856387939003,1,27,93,36
n6sjHGMk7fo,"Emotional,Bright,Relaxing/Calm,Jazz,Cute",Happy,30.48958333333333,295,580.5261359754015,180.913264073448,1,39,83,35
n74N0UQNuBw,,"Swing,Laid-back,Intense/Grand,Playful,Emotional,Jazz",30.98958333333333,303,586.6487394957983,186.62092624356777,1,39,104,44
nbDcWYl2lJg,Intense/Grand,"Swing,Relaxing/Calm,Bright,Emotional,Jazz",30.98958333333333,376,727.9865546218487,223.68932038834944,1,38,90,44
nD-tH4gm5ak,"Bossa Nova,Emotional,Latin,Relaxing/Calm,Laid-back",Jazz,30.53020833333333,276,542.4135930942714,204.53738409942744,1,25,95,35
nEHnLlmg9FI,"Ballad,Jazz,Dreamy","Relaxing/Calm,Emotional",31.48958333333333,269,512.5504465762488,235.02210132607937,1,36,90,40
njQrVn5QV0s,Jazz,"Sad,Ballad,Relaxing/Calm,Pop-Piano Cover,Dreamy,Emotional",42.3,215,304.96453900709224,128.93772893772896,1,23,92,30
nJtOHPeuQe8,"Laid-back,Swing","Relaxing/Calm,Jazz,Emotional",41.340625,222,322.20122458235693,146.5182829888713,1,26,93,42
No7M1JvKc3c,"Happy,Cute,Intense/Grand,Bright,Dreamy,Playful","Difficult/Advanced,Speedy,Jazz",32.088541666666664,422,789.0667099496836,207.41185296324028,1,31,101,63
Ntd-Pa7R53A,,"Swing,Difficult/Advanced,Intense/Grand,Playful,Emotional,Upbeat/Energetic,Jazz",30.98958333333333,380,735.7310924369748,206.30372492836636,1,42,110,63
NtKwr9EstlU,"Emotional,Sad,Laid-back,Latin,Jazz",Dark,30.48958333333333,248,488.0355312606765,187.826086956522,1,38,96,35
NUMhNWHwhVo,Blues,"Playful,Upbeat/Energetic,Jazz",30.48958333333333,291,572.6545951486164,183.1478537360892,1,39,102,49
Nv8PZIzrQww,"Laid-back,Bright","Swing,Emotional,Jazz",31.225,252,484.22738190552445,198.240917782027,1,27,97,45
nZsGrR7YbgY,"Playful,Happy,Bright","Jazz,Cute",30.98958333333333,277,536.309243697479,172.7999999999999,1,36,87,31
O-mPAcFBWT4,"Intense/Grand,Difficult/Advanced","Speedy,Jazz",42.95625,385,537.7564382365779,214.40770746660823,1,44,96,52
O0Zjy4Hclmw,"Playful,Happy,Cute,Bright","Jazz,Ragtime",30.98958333333333,473,915.7915966386554,201.6789706812908,1,64,87,45
O2nzFj_4JRU,"Laid-back,Dreamy,Relaxing/Calm","Ballad,Emotional,Jazz",36.453125,168,276.5195027861123,199.96345697058297,1,25,98,41
ObdijMOKMts,"Swing,Bright",Jazz,30.904166666666665,315,611.5680194148578,221.4674783723159,1,33,92,60
oDovCLJCDPQ,"Playful,Mysterious",Jazz,40.23133333333334,228,340.03347308068334,217.81279650179428,1,33,89,31
OdPoloO4phQ,"Bossa Nova,Bright,Latin,Jazz",,30.98958333333333,244,472.41680672268905,196.12683549691425,1,67,91,18
Oett5mUsJmU,"Laid-back,Emotional","Bossa Nova,Latin,Jazz",30.48958333333333,219,430.9668602664845,173.9597315436243,1,59,92,36
OHf6p-C2ddY,"Happy,Playful,Bright","Swing,Jazz",31.510416666666668,307,584.5685950413223,205.42082738944436,1,40,84,37
OisYCj6iG3U,"Swing,Dreamy,Emotional,Mysterious",Jazz,30.48958333333333,320,629.7232661428084,238.50931677018684,1,42,87,50
oIw4UWr4jCo,"Cute,Playful","Ragtime,Happy,Bright,Upbeat/Energetic,Jazz",31.419791666666665,538,1027.3779133375328,221.4816713663164,1,31,85,46
okYIz6pt8xI,"Powerful,Passionate,Epic","Swing,Difficult/Advanced,Happy,Intense/Grand,Bright,Funk,Pop-Piano Cover,Upbeat/Energetic,Jazz",31.48958333333333,453,863.1425736023817,207.08250943735416,1,44,107,58
OmSu1hdHaBY,"Relaxing/Calm,Laid-back","Dreamy,Jazz,Emotional",34.69027083333334,240,415.1019768390873,202.5110748244045,1,34,89,34
OsKnElKktPI,Laid-back,"Relaxing/Calm,Jazz",30.48958333333333,209,411.28800819952176,218.87270424319175,1,32,79,32
OuRy_WgXvTQ,"Cute,Playful","Swing,Bright,Jazz",31.48958333333333,270,514.455838570956,212.47484909456745,1,45,89,41
oWTkZK6hgHk,"Ballad,Laid-back,Jazz","Relaxing/Calm,Emotional",38.96354166666666,225,346.47774361716347,167.51677852348993,1,31,94,33
oY7OHGTTKNU,"Playful,Bright,Passionate","Swing,Difficult/Advanced,Speedy,Jazz",30.990625,330,638.9028940203691,205.9185700099306,1,40,106,46
oZ20cD6iSFo,"Ballad,Relaxing/Calm,Jazz,Laid-back",Emotional,31.65833333333333,165,312.7138720715978,125.421883505716,1,41,92,38
P4h-AynBmy0,"Happy,Laid-back,Cute,Relaxing/Calm,Bossa Nova","Playful,Latin,Jazz",31.48958333333333,302,575.4283824015878,198.5066053991956,1,17,104,40
P4r5R4JuVIo,Upbeat/Energetic,"Happy,Cute,Emotional,Playful,Bossa Nova,Bright,Latin,Jazz",30.98958333333333,232,449.1831932773109,211.95952161913448,1,28,88,31
p6c1Q85bQ98,"Relaxing/Calm,Emotional","Swing,Jazz",33.834375,159,281.9617622610141,177.16262975778514,1,20,93,33
p8nTft10YR8,Happy,"Swing,Difficult/Advanced,Powerful,Upbeat/Energetic,Passionate,Intense/Grand,Speedy,Bright,Epic,Jazz",35.51770833333333,344,581.118573481538,233.61216730037992,1,47,106,66
pa-JbI28K2s,"Sad,Swing,Laid-back,Relaxing/Calm","Ballad,Emotional,Jazz",40.18645833333333,160,238.88644080976692,208.5067873303165,1,26,91,34
PaAmXVoTWK4,Emotional,Jazz,30.48958333333333,173,340.4441407584558,225.440313111546,1,17,90,31
pAXEqyf10tg,"Ragtime,Upbeat/Energetic","Happy,Bright,Jazz",31.48958333333333,507,966.0337413165728,191.55497329436656,1,48,98,47
PC2hcIaJk6E,"Relaxing/Calm,Happy,Bright,Jazz",Emotional,30.48958333333333,294,578.5582507687052,200.43497172683763,1,16,85,16
pCTE-T47sQY,"Happy,Bright",Jazz,30.48958333333333,464,913.0987359070722,187.4186550976152,1,51,89,52
PDpYc2y3IFQ,"Relaxing/Calm,Swing",Jazz,30.48958333333333,321,631.6911513495047,165.75539568345306,1,33,83,37
Pj8CZDJACmA,,Jazz,31.48958333333333,253,482.0641746609329,194.20579420579423,1,32,92,35
PkNLTXMFgY8,Upbeat/Energetic,"Swing,Relaxing/Calm,Emotional,Jazz",31.594791666666666,200,379.8094358906729,198.37194740137755,1,27,93,41
PKZSlYM6p3c,Swing,"Happy,Playful,Bright,Jazz",30.98958333333333,268,518.8840336134454,182.909930715936,1,30,84,32
pnKpOrNFeqM,,Jazz,31.48958333333333,476,906.9665894806484,183.34217506631285,1,42,89,45
pNvGz8z02qE,"Powerful,Relaxing/Calm,Dark","Swing,Passionate,Intense/Grand,Playful,Emotional,Upbeat/Energetic,Jazz",30.98958333333333,363,702.8168067226891,211.76470588235264,1,60,89,43
Ppm55V9_6Cw,"Tense,Intense/Grand,Upbeat/Energetic,Playful",Jazz,30.48958333333333,331,651.3700034164674,250.6270796007161,1,56,96,43
prgltWzvUsI,Swing,Jazz,30.510416666666668,257,505.4011608057357,216.084407971864,1,19,93,25
PTDNoHbSX4M,Ragtime,"Cute,Playful,Bright,Jazz",30.48958333333333,340,669.080970276734,193.80888290713287,1,41,89,35
pvJBshu7GdY,"Happy,Ballad,Jazz","Relaxing/Calm,Emotional",31.48958333333333,206,392.5107509096924,150.51256281407026,1,27,91,40
pYmBp-KOsHA,"Mysterious,Dreamy","Ballad,Jazz",37.65208333333333,229,364.9200464781719,167.8410596026491,1,38,87,36
P_IJ-7J9KzE,"Happy,Emotional","Ragtime,Bright,Upbeat/Energetic,Jazz",31.48958333333333,510,971.7499173006948,191.84445044558484,1,31,99,55
q4jjOnpDOgw,,"Ballad,Relaxing/Calm,Mysterious,Dreamy,Emotional,Jazz",40.55625,178,263.3379565418401,156.32864544781663,1,21,88,43
q7KZjmbrfDo,Difficult/Advanced,"Jazz,Ragtime",30.98958333333333,440,851.8991596638655,215.9244264507423,1,29,97,57
QbUChkwoIYU,"Difficult/Advanced,Passionate,Intense/Grand,Epic","Happy,Bright,Emotional,Upbeat/Energetic,Jazz",39.45104166666667,247,375.655480157368,205.30367835757076,1,35,109,46
Qd938NXz_zk,"Relaxing/Calm,Upbeat/Energetic,Emotional,Bossa Nova,Latin,Tense",Jazz,30.48958333333333,329,647.4342330030748,194.5215759849904,1,38,93,40
qi-dJiv5UFg,Dreamy,"Difficult/Advanced,Mysterious,Speedy,Emotional,Dark,Jazz",30.98958333333333,261,505.3310924369748,194.15730337078648,1,38,93,31
QlsSFi2pjMM,"Cute,Playful","Ragtime,Jazz",30.48958333333333,297,584.4619063887941,174.5454545454545,1,57,94,33
qmj9yY3c7Zo,,"Swing,Ragtime,Powerful,Upbeat/Energetic,Happy,Cute,Intense/Grand,Speedy,Playful,Bright,Emotional,Epic,Jazz",31.48958333333333,473,901.2504134965268,224.05745062836675,1,35,95,66
QmmcInTjIJM,,"Swing,Relaxing/Calm,Playful,Emotional,Jazz",31.48958333333333,279,531.6043665233212,199.0210192916787,1,26,92,45
qMVN7BdfNWM,Dreamy,"Latin,Laid-back,Relaxing/Calm,Bossa Nova,Emotional,Jazz",31.119791666666668,208,401.0309623430962,208.9119170984466,1,34,85,30
qN53zQ4n9dQ,,"Swing,Emotional,Jazz,Playful",31.490625,212,403.9297409943436,204.84552122693964,1,20,98,39
QoqxDpRqDFw,"Happy,Playful,Intense/Grand","Swing,Bright,Upbeat/Energetic,Jazz",33.0,565,1027.2727272727273,224.70741222366715,1,31,108,50
qpaWYasWWcs,"Swing,Playful,Bright",Jazz,30.98958333333333,298,576.9680672268908,199.7687861271677,1,34,87,52
QSaKgl2-rgc,"Happy,Playful,Upbeat/Energetic,Emotional","Bossa Nova,Bright,Latin,Jazz",30.48958333333333,328,645.4663477963786,183.4844400882135,1,41,99,42
QUhirfITGQ4,"Relaxing/Calm,Dreamy","Ballad,Emotional,Jazz",37.94797916666667,221,349.42572150581134,179.9256076814394,1,30,97,40
qVwEjOyGf4c,"Swing,Dreamy,Jazz","New-age,Emotional",31.48958333333333,315,600.198478332782,184.06231276213305,1,26,89,47
QWGA-M90-8o,"Emotional,Swing,Mysterious",Jazz,40.876041666666666,375,550.4446879539257,211.5525876460765,1,19,96,59
qZBPx4ST6qk,"Playful,Bright,Upbeat/Energetic,Swing,Difficult/Advanced,Passionate,Intense/Grand",Jazz,30.98958333333333,450,871.2605042016806,206.6573649591392,1,49,106,44
R1l88o8HhCw,"Upbeat/Energetic,Difficult/Advanced,Passionate,Intense/Grand,Funk","Playful,Jazz",30.98958333333333,364,704.7529411764706,206.156048675733,1,32,111,68
RBK1faFZpDo,Emotional,"Swing,Jazz",30.98958333333333,338,654.4134453781512,208.083088733349,1,26,100,46
RbWMR7o8YSs,Mysterious,"Ballad,Dreamy,Jazz",38.09270833333333,165,259.89225847028905,156.4830822425291,1,29,100,40
rEOwsHP2Y9I,"Relaxing/Calm,Swing,Jazz",Emotional,31.48958333333333,224,426.8078068144228,141.20793403164726,1,36,84,40
RhgCYJnNb-U,Jazz,"Ballad,Laid-back,Relaxing/Calm,Pop-Piano Cover,Dreamy,Emotional",37.14429166666667,147,237.45236762490424,201.481858364868,1,38,92,21
rHGXg25nTvE,Ballad,"Emotional,Jazz",36.34270833333333,185,305.4257788987933,171.04677060133616,1,35,98,29
rk0tM87ptMM,"Swing,Intense/Grand","Jazz,Emotional",31.48958333333333,414,788.8322858087993,191.76449973716527,1,34,93,47
rMXoD8Npc5A,"Tense,Emotional,Dark","Swing,Jazz",30.98958333333333,208,402.7159663865546,217.40406793877077,1,21,92,44
rqj9X3qgagw,"Swing,Relaxing/Calm,Jazz","Easy,Laid-back,Emotional,Dark",30.988541666666663,141,273.00413459275944,181.990521327014,1,18,93,24
RvWTkjuF6CM,"Relaxing/Calm,Difficult/Advanced,Dreamy","Ballad,Emotional,Jazz",31.277083333333334,219,420.1158995537201,172.2207121500411,1,10,110,56
rzx8jKJxQJ8,"Relaxing/Calm,Happy","Jazz,Emotional",34.53958333333333,230,399.54158875686113,191.00518134715009,1,31,93,41
s-UjwvJ0eeA,"Relaxing/Calm,Dreamy,Bright,Laid-back,Jazz",Emotional,39.03541666666666,207,318.172599669104,210.14228383801523,1,37,88,36
S30EG79MqWY,"Relaxing/Calm,Jazz,Ballad,Pop-Piano Cover",Emotional,36.43541666666667,195,321.11613013894447,165.96007408931877,1,27,83,33
S5I3k0pHA_4,"Happy,Emotional,Dreamy",Jazz,30.98958333333333,357,691.1999999999999,220.4644041847411,1,36,110,51
S5qzBrdqHiA,"Latin,Tense,Intense/Grand","Powerful,Difficult/Advanced,Passionate,Speedy,Upbeat/Energetic,Jazz",38.36770833333333,466,728.7378166318248,234.40043407487784,1,46,107,62
sAWGcV07XAA,"Speedy,Bright","Playful,Latin,Jazz",30.48958333333333,403,793.0577382985994,214.9870801033593,1,31,87,49
Sc_bfmUOoys,"Speedy,Difficult/Advanced,Passionate,Bright,Latin","Intense/Grand,Playful,Upbeat/Energetic,Jazz",37.40104166666666,342,548.6478206377942,216.94915254237367,1,44,104,57
sF1XKxgOc_U,"Passionate,Bright,Emotional","Swing,Jazz",30.48958333333333,306,602.1728732490606,197.57869249394668,1,46,102,36
sI1jpYTboho,"Relaxing/Calm,Pop-Piano Cover,Jazz,Laid-back","Dreamy,Emotional",34.713125,230,397.5441565690211,180.5982316423153,1,32,96,38
SIgQ5_mLtMw,"Swing,Laid-back,Relaxing/Calm",Jazz,41.55833333333333,157,226.66934028474037,158.38680109990844,1,15,93,42
sK3qLgyP2T4,"Sad,Relaxing/Calm,Dark,Ballad,Jazz",Emotional,31.48958333333333,218,415.3754548461793,152.1796565389696,1,41,92,37
Slqw-92QL3I,Blues,"Laid-back,Jazz,Playful",33.045833333333334,209,379.47295423023576,189.51821386603987,1,25,100,37
SMh_uaipd38,"Happy,Relaxing/Calm","Latin,Emotional,Bossa Nova,Bright,Jazz",37.4,300,481.2834224598931,172.45508982035912,1,40,91,46
SOcbkakmVLk,"Swing,Happy,Laid-back,Relaxing/Calm","Playful,Jazz",30.48958333333333,344,676.952511103519,210.98901098901123,1,32,85,44
sQQ7WAg2REg,"Laid-back,Jazz",,36.03958333333333,181,301.3353373027343,164.16102600641264,1,21,90,40
SrPM5wlG27c,,"Latin,Relaxing/Calm,Mysterious,Bossa Nova,Dreamy,Emotional,Jazz",41.828125,288,413.1191632424356,213.5442412259021,1,28,97,49
SSaljpKw8RE,"Happy,Cute,Bright","Latin,Jazz,Playful",31.48958333333333,236,449.6725107509097,216.1350844277672,1,24,89,33
sSRLR7DQ6Dg,"Sad,Relaxing/Calm","Ballad,Jazz,Emotional",36.141666666666666,168,278.9024671431865,208.62693447481087,1,35,89,26
SStXhNkRXYo,"Swing,Speedy,Playful,Difficult/Advanced,Intense/Grand","Passionate,Jazz",30.98958333333333,388,751.2201680672268,210.9503753891228,1,37,100,50
SUG92I6rooI,"Happy,Bright,Latin","Playful,Jazz",30.89375,319,619.5427877807,216.54135338345904,1,29,89,42
sw5zIYP24ec,"Tense,Dark,Speedy,Mysterious,Latin,Upbeat/Energetic,Jazz",,31.48958333333333,285,543.0367184915647,204.99917232246364,1,62,96,39
sWuGSgdXAGg,"Happy,Relaxing/Calm,Easy,Ballad,Bright,Jazz",,32.483333333333334,159,293.68907131862494,95.4432477216239,1,53,95,29
syOF5d3620o,"Ragtime,Playful,Upbeat/Energetic","Bright,Jazz",30.98958333333333,439,849.963025210084,191.00957995578543,1,57,85,42
SYQPdr91WJw,"Passionate,Swing,Bright,Upbeat/Energetic","Difficult/Advanced,Jazz",30.979166666666668,498,964.5191661062544,202.29042601923976,1,44,94,53
T-XIkTnUJu8,"Happy,Dreamy,Laid-back,Pop-Piano Cover,Jazz,Ballad","Relaxing/Calm,Emotional",42.24895833333333,205,291.1314381518282,142.53015774822157,1,37,86,42
T0ImMP5afXc,Emotional,"Swing,Jazz",30.48958333333333,227,446.7099419200547,182.95394388565373,1,54,93,32
T7HfZxFr16Q,"Jazz,Passionate","Powerful,Intense/Grand,Bright,Upbeat/Energetic",30.48958333333333,470,924.90604714725,225.88235294117655,1,43,106,63
t7p7vIP2tPk,"Laid-back,Jazz",Emotional,37.00625,139,225.36733659854752,137.98767967145795,1,48,102,33
Tbs-c3IPvLM,,"Sad,Ballad,Relaxing/Calm,New-age,Dreamy,Emotional,Epic,Jazz",38.6125,214,332.5348009064423,177.16262975778548,1,41,79,44
tcbx7qAbBcI,"Happy,Bright,Emotional","Playful,Upbeat/Energetic,Jazz",30.48958333333333,424,834.3833276392212,200.7568213503285,1,56,90,38
ThAh9GqQhoE,,"Swing,Happy,Relaxing/Calm,Intense/Grand,Bright,Emotional,Jazz",30.98958333333333,371,718.3058823529411,216.1719549641762,1,47,101,48
tiFTYhx1U90,"Happy,Pop-Piano Cover,Jazz,Relaxing/Calm,Emotional",,31.488541666666663,238,453.4982963379536,190.1687454145268,1,27,87,43
tjKMrX6Fnnk,"Ballad,Dreamy,Emotional,Jazz",,40.775000000000006,197,289.88350705088897,200.6968641114984,1,38,93,39
TkSwk1d_vXo,"Happy,Upbeat/Energetic","Ragtime,Cute,Playful,Bright,Jazz",30.98958333333333,385,745.4117647058823,216.72937771345835,1,29,96,52
totI1Xvsw9g,"Playful,Happy,Swing,Bright,Emotional",Jazz,31.53020833333333,419,797.3306022663451,236.8745716244001,1,28,91,39
tQpWCbZ65C8,"Ballad,Relaxing/Calm","Emotional,Jazz",42.2637652,187,265.4756372723744,162.12654807976185,1,25,89,37
TQvi4YdScPk,"Bright,Passionate,Difficult/Advanced,Tense,Mysterious",Jazz,38.646875,188,291.8735344060807,221.8703188529857,1,22,93,37
tRqjFQbIaSE,"Relaxing/Calm,Emotional",Jazz,34.741145833333334,204,352.3199856078437,178.3834004335706,1,30,93,43
tsaoRZkvuxo,"Tense,Dreamy,Dark,Upbeat/Energetic","Swing,Bright,Emotional,Jazz",31.48958333333333,292,556.3744624545154,206.7567567567568,1,15,90,41
Twr8lklWzTQ,"Difficult/Advanced,Emotional","Swing,Jazz",30.98958333333333,248,480.1613445378151,215.41658009557457,1,49,99,37
t_wHQnDKqEs,"Happy,Relaxing/Calm,Bright,Emotional,Laid-back","Ballad,Jazz",30.48958333333333,407,800.9292791253845,202.66666666666612,1,20,94,54
U0AacaeyrK4,"Difficult/Advanced,Emotional",Jazz,41.177083333333336,408,594.5054389071591,213.705805325186,1,19,93,56
u0sKSX2COG0,,"Ballad,Relaxing/Calm,Emotional,Jazz",41.26145833333333,195,283.55759763702,161.69681846537756,1,21,82,33
ua0Mpdrihlo,"Emotional,Swing,Dreamy,Mysterious",Jazz,33.98854166666666,250,441.3252015078612,203.08505949757588,1,12,92,41
uef5H2J9cpo,"Cute,Happy,Bright,Speedy,Emotional","Ragtime,Playful,Jazz",31.48958333333333,522,994.6146212371816,188.0118694362017,1,41,95,38
UfT3I1_fbvI,"Swing,Happy,Bright,Pop-Piano Cover,Cute","Playful,Jazz",30.48958333333333,310,610.0444140758457,168.42105263157904,1,58,99,47
UgDCFZ_Ghs0,"Swing,Playful,Mysterious,Dreamy",Jazz,31.48958333333333,270,514.455838570956,200.1635322976287,1,25,89,40
uMRVxK1yqvU,Ballad,Jazz,38.846875,231,356.7854557155499,205.81929555895888,1,28,95,44
UMY8CXFAzCg,Emotional,"Ragtime,Jazz",30.98958333333333,344,666.0302521008404,187.51436231329,1,43,96,52
unpunAovZ7w,"Upbeat/Energetic,Jazz","Powerful,Difficult/Advanced,Passionate,Intense/Grand,Speedy",30.48958333333333,405,796.9935087119919,218.2999458581484,1,57,110,68
uNR0JhrGrsk,"Powerful,Passionate,Intense/Grand,Bright,Blues,Swing,Playful,Upbeat/Energetic",Jazz,31.48958333333333,417,794.548461792921,219.5679796696312,1,45,100,65
UnSmlUbxGnw,,"Swing,Powerful,Difficult/Advanced,Upbeat/Energetic,Happy,Passionate,Intense/Grand,Speedy,Bright,Pop-Piano Cover,Epic,Jazz",32.75625,402,736.348025186033,226.14318706697475,1,45,102,52
us1qxkGc5KE,"Playful,Upbeat/Energetic","Swing,Tense,Emotional,Dark,Jazz",30.98958333333333,274,530.5008403361344,203.62350861688043,1,21,98,37
uUAjxkNYLM4,"Swing,Happy,Playful","Bright,Jazz",30.98958333333333,330,638.9243697478992,208.31826401446605,1,36,104,42
UxBLayLozbU,,"Swing,Happy,Cute,Playful,Bright,Upbeat/Energetic,Jazz",31.48958333333333,360,685.941118094608,213.5970333745361,1,66,103,46
UykatLE7Q6c,"Sad,Latin,Jazz",,30.48958333333333,348,684.8240519303041,191.2063134160092,1,64,89,30
v-6uOvfBqik,"Sad,Relaxing/Calm,Latin,Jazz",Emotional,30.5,282,554.7540983606558,215.5339805825245,1,26,94,45
V-eXFZGHfG4,"Bright,Upbeat/Energetic","Ragtime,Cute,Playful,Happy,Jazz",30.48958333333333,502,987.8783737615308,205.00922752438697,1,41,95,50
V-gxMlRezOs,Funk,"Jazz,Speedy",31.48958333333333,467,889.8180615282831,225.0313938886556,1,42,90,44
V0OQV9P9Gww,Speedy,"Tense,Powerful,Difficult/Advanced,Ragtime,Upbeat/Energetic,Passionate,Intense/Grand,New-age,Dark,Epic,Jazz",30.741666666666667,423,825.5895906749796,204.91879350348,1,44,101,62
v2g3nvlXac4,"Tense,Dark","Swing,Dreamy,Emotional,Jazz",30.98958333333333,253,489.84201680672265,200.6968641114984,1,31,85,40
v5alXiFdv_4,"Ballad,Emotional,Relaxing/Calm","Laid-back,Mysterious,Jazz",38.10625,213,335.37805478103985,176.7774936061382,1,28,95,37
v6ZpRWWLrxM,"Easy,Jazz",,31.860416666666666,136,256.11717779376187,176.0489024729096,1,44,97,34
V79u_lt977k,"Relaxing/Calm,Dreamy,Dark,Ballad,Jazz","Sad,Emotional",34.09791666666666,175,307.936701900165,150.62105033776436,1,36,86,30
V7nrQFx_part_8,Relaxing/Calm,Jazz,31.01458333333333,191,369.50359373950425,190.44470160357076,1,20,89,35
v8dS8UI3rkw,"Dreamy,Emotional",Jazz,37.47708333333333,180,288.1761076213241,198.0232058444342,1,42,92,36
vcDSfMCr3a8,"Relaxing/Calm,Happy,Swing,Bright,Emotional","Cute,Playful,Jazz",31.48958333333333,351,668.7925901422428,164.30317848410698,1,45,90,43
VcpflO9PhMY,,"Swing,Tense,Mysterious,Dreamy,Emotional,Dark,Jazz",30.48958333333333,313,615.9480696959345,213.77319587628944,1,45,93,35
vCqeYgZPySo,"Happy,Cute,Passionate,Bright,Swing,Emotional",Jazz,30.53020833333333,284,558.1357262274387,208.57938718662973,1,36,106,53
VDX-F2ph4Eo,"Relaxing/Calm,Dreamy","Ballad,Emotional,Jazz",36.157291666666666,168,278.78194232375904,196.58703071672343,1,39,85,33
Ve4ER0aWx0U,"Playful,Swing,Bright,Emotional",Jazz,31.48958333333333,355,676.4141581210718,182.03845140900705,1,43,91,47
VGd4ZQJYMJI,Bright,Jazz,30.48958333333333,238,468.3566791937138,181.0846214304426,1,21,86,17
vgnSGnbQPZM,Playful,"Swing,Difficult/Advanced,Ragtime,Powerful,Upbeat/Energetic,Happy,Passionate,Intense/Grand,Speedy,Bright,Emotional,Epic,Jazz",31.48958333333333,520,990.8038372477672,209.2470277410836,1,23,81,51
vHGYKA-5a60,"Difficult/Advanced,Upbeat/Energetic","Speedy,Jazz",30.935416666666665,421,816.5398343322782,216.09003751563148,1,34,109,57
VHL1RuvLWA4,"Happy,Bright,Pop-Piano Cover,Relaxing/Calm,Laid-back,Ballad","Jazz,Emotional",37.51,236,377.49933351106375,184.7575057736722,1,27,87,38
VIVU7BlLuqE,"Jazz,Laid-back","Emotional,Relaxing/Calm",30.571541666666665,145,284.5783864896139,146.24485857919018,1,29,76,30
vJoznjdwAko,"Happy,Intense/Grand,Bright,Ballad,Emotional","Difficult/Advanced,Jazz",30.98958333333333,396,766.709243697479,228.68979803210783,1,42,108,69
vJr3oLVBfeI,,"Sad,Ballad,Laid-back,Relaxing/Calm,New-age,Dreamy,Emotional,Jazz",31.976041666666667,207,388.4158061048311,174.62104807275884,1,44,89,38
VlF9IVV12QE,"Blues,Emotional",Jazz,31.78645833333333,251,473.7866622972309,213.28067143915047,1,27,86,50
VnSbf83FKRg,"Difficult/Advanced,Relaxing/Calm","Jazz,Emotional",42.78333333333334,213,298.71445266848457,171.88898836168295,1,33,96,33
vQG5xbZDNr8,"Ballad,Laid-back,Relaxing/Calm","Emotional,Jazz",31.48958333333333,207,394.4161429043996,207.00808625336927,1,23,96,39
Vqz1HCZHREA,"Tense,Intense/Grand,Emotional,Mysterious",Jazz,35.729166666666664,302,507.1486880466473,181.05616093880957,1,46,94,44
VR1n8ty73rs,"Mysterious,Dreamy","Ballad,Emotional,Relaxing/Calm,Jazz",30.726041666666667,253,494.04346204698777,195.3278070836473,1,39,91,50
VRMDUxTCcmc,"Sad,Laid-back,Jazz","Ballad,Relaxing/Calm,Emotional",41.48125,175,253.12641253578423,211.29860601614084,1,14,95,29
VtlTTqW3C6w,Swing,Jazz,30.48958333333333,243,478.1961052271951,196.0092807424596,1,37,89,44
VvR73IA3hbg,"Jazz,Emotional,Relaxing/Calm",,37.296875,205,329.7863426895685,193.8800489596083,1,20,86,46
VW14jg20gxk,"Dark,Sad,Emotional",Jazz,31.488541666666663,264,503.04012703033504,205.32319391634965,1,24,85,31
VWaXS8KshkU,Dreamy,"Ballad,Mysterious,Jazz",41.05729166666666,203,296.65863250031714,199.27512355848435,1,37,96,45
VXAAya1e21k,"Laid-back,Sad","Ballad,Emotional,Jazz",42.58125,241,339.586085424923,197.53086419753143,1,27,99,39
vZ7BlcW2HNU,"Laid-back,Emotional,Latin","Relaxing/Calm,Jazz",30.48958333333333,272,535.2647762213871,201.49253731343293,1,25,93,41
w0qgxAu-QlM,"Cute,Pop-Piano Cover","Swing,Playful,Bright,Jazz",31.48958333333333,282,537.320542507443,206.17449664429563,1,63,93,40
W633ZC44his,Mysterious,"Laid-back,Jazz",30.98958333333333,153,296.2285714285714,179.76592977893412,1,15,91,26
W7Vs-5Ur8EA,"Cute,Intense/Grand","Happy,Playful,Swing,Bright,Jazz,Emotional",30.98958333333333,451,873.1966386554622,206.59971305595425,1,30,102,44
W9-MZRHmHQM,"Difficult/Advanced,Dreamy","Ballad,Emotional,Jazz",43.03833333333333,228,317.8561747279557,199.5534683193468,1,39,97,50
wA4XtwW6c5w,Dreamy,"Swing,Laid-back,Emotional,Jazz",37.86979166666666,152,240.82519598404625,208.4210526315798,1,27,93,28
wAiDVMmMBCA,Dreamy,"Ballad,Laid-back,Emotional,Relaxing/Calm,Jazz",37.39895833333333,178,285.56945102080607,164.9570424368652,1,30,85,38
warE8K85j5Q,"Emotional,Playful,Jazz",,31.48958333333333,240,457.29407872973866,193.7052686039494,1,57,93,35
wBmIH_YnvUM,Dreamy,"Ballad,Relaxing/Calm,Emotional,Jazz",31.060416666666665,161,311.00677443155143,109.35720097640376,1,30,92,28
Wc4K940wsVY,"Laid-back,Relaxing/Calm,Dreamy","Ballad,Emotional,Jazz",30.98958333333333,144,278.8033613445378,120.322291853178,1,24,89,33
WD4mOuRJjxI,"Swing,Ballad,Mysterious,Dreamy","Emotional,Jazz",36.772125,178,290.4373897347515,205.8205886556797,1,29,92,34
Wd9ohLUyxBI,Playful,Jazz,31.55,376,715.0554675118858,175.34246575342394,1,47,86,49
wDNtv01-3mw,,"Emotional,Bossa Nova,Latin,Jazz",36.31666666666666,295,487.3795318953649,228.02850356294547,1,28,91,41
wFrxV3sufY4,"Passionate,Laid-back,Intense/Grand,Emotional,Tense,Ragtime,Jazz",Mysterious,30.988541666666663,431,834.5020000672292,203.76500315856,1,51,96,49
wgpcQVntvZA,"Relaxing/Calm,Dreamy,Emotional,Swing,Bright",Jazz,30.98958333333333,359,695.072268907563,180.34155597722977,1,25,88,38
wHW9CsW7djE,,"Emotional,Relaxing/Calm,Dreamy,Latin,Dark,Jazz",31.48958333333333,255,485.87495865034737,215.14837103133425,1,26,82,36
wIw0uR1--FQ,Blues,"Playful,Jazz",30.98958333333333,208,402.7159663865546,205.3194406361388,1,60,95,30
WIzqiqVbtOY,"Happy,Cute,Emotional,Bright","Latin,Upbeat/Energetic,Jazz",30.98958333333333,316,611.818487394958,201.27726232076157,1,40,103,47
WL8656F-ERg,,"Latin,Jazz,Bossa Nova",30.48958333333333,258,507.71438332763927,200.48007681229,1,50,97,42
WLIrwKTDppk,"Swing,Passionate,Bright,Intense/Grand,Difficult/Advanced","Playful,Upbeat/Energetic,Jazz",31.48958333333333,521,992.7092292424744,213.4853884533142,1,36,99,46
WMdi3kBkRK8,"Swing,Playful",Jazz,39.26191666666667,416,635.7305531441621,203.566768160069,1,25,89,51
WoEuzE1-8g8,"Ballad,Jazz","Relaxing/Calm,New-age,Mysterious,Dreamy,Emotional",31.90402083333333,194,364.84429535723353,215.1837688404665,1,27,97,41
WpGAQ4HJpV4,Laid-back,"Swing,Emotional,Jazz",36.240625,252,417.2113477623523,183.6241610738255,1,34,99,35
wqi3K_e6a3k,,"Tense,Powerful,Difficult/Advanced,Upbeat/Energetic,Passionate,Intense/Grand,Playful,Speedy,Dark,Epic,Jazz",31.48958333333333,468,891.7234535229904,243.30290230276617,1,41,103,63
wTtotzZ9HJM,,"Swing,Tense,Powerful,Difficult/Advanced,Happy,Passionate,Intense/Grand,Speedy,Bright,Epic,Upbeat/Energetic,Jazz",30.569791666666667,489,959.7710157767405,230.5756767060613,1,45,108,65
wTwybET2uqI,"Passionate,Upbeat/Energetic,Jazz","Happy,Intense/Grand",30.605208333333334,365,715.5644804465471,195.30516431924892,1,35,110,58
WVWMYHvwRhY,"Upbeat/Energetic,Passionate,Happy,Playful,Bright,Jazz",Speedy,31.55,352,669.4136291600634,199.4558496166213,1,40,105,51
WYhc-i--prI,,"Swing,Playful,Jazz",30.98958333333333,257,497.58655462184873,208.44390832328105,1,37,93,38
w_NzgR-wkJs,,"Swing,Tense,Emotional,Dark,Jazz",31.48958333333333,273,520.1720145550778,222.20317188169756,1,36,92,33
X0GZgd0dN64,Relaxing/Calm,"Ballad,Laid-back,Emotional,Jazz",30.98958333333333,195,377.5462184873949,212.6668560068165,1,25,84,36
x10pxPQO_DU,Relaxing/Calm,"Jazz,Emotional",37.60729166666667,142,226.55181009888372,195.9183673469393,1,12,88,43
X35IeaGQk-0,"Emotional,Jazz,Bright",Relaxing/Calm,37.95625,222,350.93034743948624,189.021479713604,1,14,90,36
X4K_ELrXYxw,"Happy,Bright,Passionate,Intense/Grand,Mysterious",Jazz,30.55,472,927.0049099836334,199.35723114956684,1,47,112,62
x5QBsS36lus,"Playful,Happy,Swing,Upbeat/Energetic,Jazz,Cute",Bright,31.48958333333333,445,847.8994376447238,231.9463087248316,1,47,92,57
x5yIXk2FLy4,"Passionate,Playful,Funk","Speedy,Upbeat/Energetic,Jazz",30.48958333333333,480,944.5848992142126,229.25373134328512,1,33,99,47
XahYwLELXmM,"Sad,Laid-back,Relaxing/Calm,Dreamy","Ballad,Emotional,Jazz",34.353125,127,221.81388156099337,171.7352415026829,1,21,87,31
XAs59Et8yaw,"Tense,Dark,Mysterious,Jazz",Laid-back,30.98958333333333,210,406.5882352941176,191.19274175702597,1,61,94,36
XCmI0BZEdcY,Ballad,"Laid-back,Relaxing/Calm,Emotional,Jazz",34.09583333333333,178,313.2347549798362,176.21864164797068,1,31,89,27
xD_Kc_uKI-s,"Swing,Bright","Jazz,Emotional",31.48958333333333,264,503.0234866027125,192.49907166728545,1,26,94,45
xezvJ1NUekU,"Bossa Nova,Dreamy,Latin,Jazz",Emotional,31.110416666666666,224,432.00964307239,203.62350861688032,1,30,88,33
xIZePc_aqOI,,"Swing,Happy,Intense/Grand,Playful,Bright,Emotional,Upbeat/Energetic,Jazz",30.98958333333333,310,600.2016806722689,213.7651821862354,1,35,111,44
xiZJaDRNSXk,"Swing,Dark,Jazz","Easy,Laid-back,Pop-Piano Cover",30.48958333333333,183,360.1229928254186,196.5145228215767,1,54,94,28
xJ1H5kwkL6A,"Bright,Latin","Playful,Jazz",30.48958333333333,283,556.9115134950462,219.35723574215103,1,39,83,38
XKsTEMZzVqI,"Bright,Ballad,Laid-back,Dreamy,Relaxing/Calm","Emotional,Jazz",30.48958333333333,299,588.3976768021867,191.9289152165867,1,32,102,55
xLb5BM4s1as,"Tense,Easy,New-age,Jazz,Emotional",Dark,30.48958333333333,190,373.8981892722925,137.86500718046904,1,54,89,24
XmkPdP48r2M,"Swing,Difficult/Advanced,Powerful,Passionate","Playful,Speedy,Upbeat/Energetic,Jazz",31.48958333333333,467,889.8180615282831,205.8303554636072,1,35,107,65
XnPL8Kl_part_31,"Cute,Happy,Emotional,Swing,Intense/Grand","Playful,Bright,Upbeat/Energetic,Jazz",30.48958333333333,439,863.9016057396652,203.53356890459372,1,32,95,51
xOeziJfYzuU,"Bossa Nova,Latin,Emotional","Happy,Jazz",31.48958333333333,357,680.2249421104863,216.5413533834584,1,31,89,43
xoVBQ8y7h64,"Cute,Bright,Emotional,Playful","Swing,Jazz",31.48958333333333,353,672.6033741316573,221.83960126869013,1,44,89,47
XPMvVF58kcE,"Relaxing/Calm,Upbeat/Energetic","Swing,Happy,Bright,Emotional,Jazz",31.6,278,527.8481012658228,201.65041260315104,1,52,95,39
XPyOfkIzRPM,"Relaxing/Calm,Ballad,Emotional,Jazz",,31.585416666666667,131,248.8490205131588,145.1247165532879,1,43,85,38
XtV75VQ153k,"Passionate,Difficult/Advanced,Speedy",Jazz,30.5,477,938.360655737705,214.0007821666024,1,39,100,57
XUOGh3qNFws,Happy,"Playful,Bright,Jazz",39.13166666666667,225,344.98913923080204,202.55365945666023,1,25,98,46
XxYEqBKlDmY,"Happy,Bossa Nova,Bright,Latin,Jazz",Pop-Piano Cover,30.48958333333333,212,417.1916638196106,155.37027954879844,1,52,90,35
xZKdQ4kliXA,"Difficult/Advanced,Dreamy,Mysterious",Jazz,31.48958333333333,464,884.1018855441614,194.59459459459435,1,18,92,47
Y1f0zy1GPHc,Emotional,"Swing,Playful,Jazz",30.48958333333333,279,549.039972668261,183.52298588984976,1,34,95,44
y5jOutZRPd4,"Tense,Sad,Dark","Latin,Jazz",31.48958333333333,128,243.89017532252728,168.66764275256213,1,29,84,33
yaujcAJ2IEA,"Bright,Relaxing/Calm,Jazz","Emotional,Laid-back",31.538541666666667,127,241.60914225319556,122.18922358930844,1,28,75,33
Yb8M9VXCgs8,"Swing,Intense/Grand,Difficult/Advanced,Speedy,Upbeat/Energetic","Passionate,Happy,Bright,Jazz",30.98958333333333,392,758.9647058823529,207.41807706157695,1,50,89,64
yeWFdZPGZYs,Dreamy,"Sad,Ballad,Relaxing/Calm,Pop-Piano Cover,Emotional,Jazz",43.04479166666667,195,271.8098879558599,176.17848146815382,1,40,92,36
YEzkGOBCNDw,"Relaxing/Calm,Jazz",Emotional,38.671875,186,288.58181818181816,178.03138373751773,1,42,92,37
YjsjbpPcG1c,Playful,"Swing,Bright,Jazz",30.98958333333333,251,485.9697478991597,149.83741599826578,1,57,93,38
yKTYM5eQ30A,"Swing,Bright",Jazz,31.48958333333333,297,565.9014224280517,208.6558627264064,1,37,94,43
yL6Y4fWwO6E,,"Swing,Easy,Cute,Playful,Bright,Pop-Piano Cover,Emotional,Jazz",30.48958333333333,261,513.6180389477281,215.8819395643008,1,59,94,34
ymdyJNgyBsA,Swing,"Difficult/Advanced,Latin,Passionate,Relaxing/Calm,Intense/Grand,Bright,Pop-Piano Cover,Emotional,Epic,Jazz",30.98958333333333,411,795.7512605042017,185.71834992887625,1,50,90,50
ypoEiXbdmFQ,"Emotional,Swing,Bright",Jazz,30.55,311,610.8019639934533,166.16837136113304,1,44,92,45
yrC1ut4qnWc,"Speedy,Passionate,Playful,Bright",Jazz,30.58020833333333,333,653.3637633273155,219.995506627724,1,31,99,53
YsTSEQ20brQ,Relaxing/Calm,"Jazz,Emotional",38.75625,217,335.9458151910982,190.378259272861,1,35,85,41
YVoEUgTTUKM,Relaxing/Calm,"Swing,Easy,Emotional,Jazz",30.73958333333333,273,532.863436123348,207.0510161758608,1,38,101,26
YWydxhjpqrM,"Sad,Emotional","Latin,Relaxing/Calm,Bossa Nova,Jazz",41.7375,311,447.0799640610962,218.2507104515313,1,37,85,29
yyEEoBJ_9hE,"Playful,Upbeat/Energetic",Jazz,31.48958333333333,373,710.7112140258022,218.5397867104184,1,34,90,34
yymeERxT5dc,Upbeat/Energetic,"Latin,Sad,Bossa Nova,Emotional,Jazz",33.829166666666666,315,558.6894937800222,185.6975381008204,1,28,87,49
yYSclwvy7Io,"Relaxing/Calm,Emotional,Dark","Laid-back,Jazz",31.48958333333333,192,365.8352629837909,186.16677440206865,1,32,84,28
Z6fncjb5Ryc,"Swing,Happy","Cute,Playful,Bright,Upbeat/Energetic,Jazz",30.98958333333333,301,582.7764705882353,199.5841995842,1,59,95,36
z88928OpqQc,"Relaxing/Calm,Mysterious,Ballad,Jazz","Dreamy,Emotional",33.63645833333333,171,305.0261682821839,168.01909307875874,1,30,91,31
Zb8_9uGQcXk,,"Swing,Relaxing/Calm,Intense/Grand,Emotional,Jazz",30.98958333333333,297,575.0319327731092,219.7948962556644,1,38,93,43
ZdkL5JBMM_s,,"Emotional,Relaxing/Calm,Bossa Nova,Latin,Jazz",31.490625,200,381.0657933908902,178.81257275902192,1,59,90,37
Zf6bbuJeRCs,,"Swing,Powerful,Upbeat/Energetic,Happy,Passionate,Intense/Grand,Speedy,Playful,Bright,Pop-Piano Cover,Epic,Jazz",43.7285,341,467.8870759344592,215.6343201321093,1,37,107,63
ZfgWhCeevv4,"Ballad,Jazz,Emotional",Relaxing/Calm,32.98020833333333,143,260.15602792078585,140.23904382470127,1,29,80,27
zFTldh9Vy8A,"Emotional,Latin,Happy,Playful,Bright","Relaxing/Calm,Jazz",31.48958333333333,275,523.9827985444922,236.550308008214,1,20,91,34
zIUZ3jM6XE0,"Relaxing/Calm,Mysterious,Dreamy","Ballad,Emotional,Jazz",30.98958333333333,273,528.5647058823529,208.28060025311905,1,21,94,41
ZJj6u8Ts8ps,"Sad,Emotional","Bossa Nova,Latin,Jazz",31.48958333333333,237,451.57790274561694,248.1332567489949,1,34,91,40
zK-zegKXrxE,"Ballad,Relaxing/Calm,Dreamy,Mysterious",Jazz,35.878125,230,384.6354847138752,189.6920796970197,1,21,94,38
zLt6f_eqObg,"Passionate,Intense/Grand","Swing,Difficult/Advanced,Jazz",31.610416666666666,346,656.7455348316088,212.17768147345603,1,44,100,60
ZP3i3a1ceeY,,"Ballad,Relaxing/Calm,Dreamy,Emotional,Jazz",30.48958333333333,272,535.2647762213871,199.170124481328,1,36,93,45
ZQhNHviUL-k,"Relaxing/Calm,Playful","Ragtime,Happy,Bright,Jazz",30.48958333333333,279,549.039972668261,185.73987817986392,1,33,91,43
Zu5Fzv5B1Dc,Upbeat/Energetic,"Swing,Happy,Cute,Playful,Mysterious,Bright,Dreamy,Emotional,Jazz",30.869791666666668,241,468.4190990382993,128.69454197255033,1,28,88,40
zuIWwpibcgc,Swing,"Happy,Playful,Bright,Jazz",31.48958333333333,343,653.5494541845849,209.316154608523,1,25,90,40
zWb7LllD3Zs,"Blues,Emotional,Jazz",Pop-Piano Cover,37.80520833333333,204,323.7649133441711,209.3457943925236,1,50,105,34
zX-5g2rB5O4,"Tense,Upbeat/Energetic","Pop-Piano Cover,Latin,Dark,Jazz",31.48958333333333,290,552.5636784651009,223.58371800251768,1,64,93,32
zx-w4yB6-qY,Dreamy,"Jazz,Relaxing/Calm",41.79583333333333,315,452.1981856245639,184.0675644829946,1,29,74,40
zxuk15YGGGY,"Powerful,Difficult/Advanced,Playful,Speedy,Bright","Upbeat/Energetic,Intense/Grand,Jazz",30.98958333333333,397,768.6453781512605,209.38532716457425,1,43,105,59
zyEeiPTVh3M,"Jazz,Laid-back","Emotional,Relaxing/Calm",30.48958333333333,149,293.2148957977452,138.99613899613863,1,43,92,29
ZzyPyYKNFSw,"Laid-back,Bright,Relaxing/Calm,Ballad,Jazz","Emotional,Dreamy",37.49375,256,409.6682780463411,171.28292268479177,1,28,89,44
_4TANu5Ly4w,Passionate,"Jazz,Emotional",30.48958333333333,415,816.6723607789546,200.5893383337786,1,33,93,50
_9obNMoA-WM,Bright,Jazz,31.48958333333333,208,396.3215348991069,146.25000000000003,1,50,89,38
_hAd1jXtVKs,"Easy,Happy,Cute,Playful,Blues,Upbeat/Energetic","Bright,Jazz",30.48958333333333,297,584.4619063887941,205.66837759428697,1,67,92,37
_MauuEc9PZs,"Laid-back,Ballad,Jazz","Relaxing/Calm,Emotional",31.48958333333333,142,270.56566324842873,139.50953678474104,1,30,95,29
_MwouMm_mu8,"Sad,Ballad,Relaxing/Calm,Laid-back","Emotional,Jazz",39.58645833333333,183,277.36757624398075,169.05016008537902,1,18,97,30
_pJLJ4BLYo0,"Difficult/Advanced,Passionate,Upbeat/Energetic,Happy,Playful,Jazz","Speedy,Bright",30.98958333333333,535,1035.8319327731092,206.40809443507567,1,30,103,65
_QmBFoCdHOI,"Difficult/Advanced,Swing","Playful,Jazz",42.75972916666667,357,500.9386265406459,186.20422120371745,1,26,91,39
_qyxEKv97ro,"Swing,Bright","Jazz,Playful",30.48958333333333,329,647.4342330030748,230.20614219604505,1,30,102,49
_ts61DTbqcQ,"Swing,Intense/Grand,Upbeat/Energetic,Tense,Ragtime",Jazz,30.98958333333333,441,853.835294117647,220.57942057942083,1,42,108,44
_TYvhtbteCQ,"Speedy,Playful","Swing,Difficult/Advanced,Jazz",30.98958333333333,388,751.2201680672268,201.7834394904461,1,21,103,56
_vDbNWnZTYM,,"Sad,Ballad,Relaxing/Calm,Mysterious,Dreamy,Emotional,Jazz",33.0,214,389.09090909090907,131.40684410646372,1,19,89,39
_VZXnygn_bU,"Relaxing/Calm,Laid-back","Ballad,Emotional,Jazz",36.325,266,439.3668272539573,169.23076923076923,1,31,89,49
